user,n_adl_events,median_latency_ms,share_any_nonadl_fill_5000ms,mean_undo_frac_5000ms,share_any_nonadl_fill_60000ms,mean_undo_frac_60000ms,share_any_nonadl_fill_300000ms,mean_undo_frac_300000ms,strategic_score
0xa312114b5795dff9b8db50474dd57701aa78ad1e,78,395953.0,0.01282051282051282,0.0,0.01282051282051282,0.0,0.01282051282051282,0.0,0.0
0x7717a7a245d9f950e586822b8c9b46863ed7bd7e,59,11758.0,0.0,0.0,0.01694915254237288,0.0,0.01694915254237288,0.0,0.0
0x4f7634c03ec4e87e14725c84913ade523c6fad5a,54,2452536.0,0.0,0.0,0.0,0.0,0.0,0.0,0.0
0xffbd3e51ae0e2c4407434e157965c064f2a11628,54,1474976.0,0.0,0.0,0.0,0.0,0.0,0.0,0.0
0x8af700ba841f30e0a3fcb0ee4c4a9d223e1efa05,52,,0.0,0.0,0.0,0.0,0.0,0.0,0.0
0x123dbca6a27005a3c4ce10cb66ee8ece8fc13bff,49,,0.0,0.0,0.0,0.0,0.0,0.0,0.0
0xcdf07160b169a98008609356c0ade3136c45d30b,46,,0.0,0.0,0.0,0.0,0.0,0.0,0.0
0x4061eada41227256d5c7d501b562824a1b717a36,43,,0.0,0.0,0.0,0.0,0.0,0.0,0.0
0xd0254dd9c10498b256b6ec3bd8de37a9ba4329de,41,,0.0,0.0,0.0,0.0,0.0,0.0,0.0
0x382aaa98abb877bb6661035987ebe12af1f60f34,37,,0.0,0.0,0.0,0.0,0.0,0.0,0.0
0x2a9875a7d3f3508241861ee363c6ca938b9cbbf6,33,1239879.0,0.0,0.0,0.0,0.0,0.0,0.0,0.0
0x8ffd9d9d24e5776427b5fa4dad9ac5f77269f7ae,32,,0.0,0.0,0.0,0.0,0.0,0.0,0.0
0xb83de012dba672c76a7dbbbf3e459cb59d7d6e36,32,743871.0,0.0,0.0,0.0,0.0,0.0,0.0,0.0
0xd63c228ea09e4d999f5fb3ed7d3529756e3a724f,31,,0.0,0.0,0.0,0.0,0.0,0.0,0.0
0x5c9b5f1f13aa845d46a16a4036f1ba7eff7de431,29,,0.0,0.0,0.0,0.0,0.0,0.0,0.0
0x29eb62882a8bd104a64400a2971d0d6881777043,29,1141402.0,0.0,0.0,0.0,0.0,0.0,0.0,0.0
0x6abc111bd22bb38e649f81be60dfbeb35648aac6,25,706347.0,0.0,0.0,0.0,0.0,0.04,0.0,0.0
0x0facac3bd128fe6d799898a059d3634b877c7a0a,25,368799.0,0.0,0.0,0.0,0.0,0.0,0.0,0.0
0x414ade317cd254a970f97ec57185080a42f270b2,23,,0.0,0.0,0.0,0.0,0.0,0.0,0.0
0x8e096995c3e4a3f0bc5b3ea1cba94de2aa4d70c9,21,,0.0,0.0,0.0,0.0,0.0,0.0,0.0
0x5123062df29e41aebf40a45f2a6c4c747c8f8dbd,21,,0.0,0.0,0.0,0.0,0.0,0.0,0.0
0xd47587702a91731dc1089b5db0932cf820151a91,20,493039.0,0.05,0.0,0.05,0.0,0.05,0.0,0.0
0x06fbf0da309cb91eea8d6e2ea04f377b690e858c,19,,0.0,0.0,0.0,0.0,0.0,0.0,0.0
0x2adb90a865f5c4f0b617c7d2e295a34ae73494a4,19,,0.0,0.0,0.0,0.0,0.0,0.0,0.0
0xd0a9d76e2f03e1a67a2dec5675edcbdf7c325d5f,18,,0.0,0.0,0.0,0.0,0.0,0.0,0.0
0x1c020f03305acd09994c1910d440646e4a5f91b0,18,,0.0,0.0,0.0,0.0,0.0,0.0,0.0
0xcafcbbf25e5d67c7700d8c49b0431a64fd7e89a8,18,,0.0,0.0,0.0,0.0,0.0,0.0,0.0
0xfb8c34145bdea190693325d0ab01e81120909b3f,18,,0.0,0.0,0.0,0.0,0.0,0.0,0.0
0xb3c0cf5b8111f9d5604bd890c9142fe899877d35,18,535201.0,0.0,0.0,0.0,0.0,0.0,0.0,0.0
0x39bac00809cae627f52e4a82f95f4f67d5b269bd,17,,0.0,0.0,0.0,0.0,0.0,0.0,0.0
0x3ca146d2692f61746a28fa926dc9d18086ce37c6,17,,0.0,0.0,0.0,0.0,0.0,0.0,0.0
0x8964ee288e13e8626b114cd4fd27add62c71b734,17,,0.0,0.0,0.0,0.0,0.0,0.0,0.0
0xaea8e3bd369217cc6e3e6abddf0da318fba8e59b,17,2476723.0,0.0,0.0,0.0,0.0,0.0,0.0,0.0
0x42341421d080939b0819dc652ffd7d600c0e94dd,16,,0.0,0.0,0.0,0.0,0.0,0.0,0.0
0x72db642e6c803993aef6fc17e9b159c536508bb6,16,,0.0,0.0,0.0,0.0,0.0,0.0,0.0
0x880ac484a1743862989a441d6d867238c7aa311c,16,,0.0,0.0,0.0,0.0,0.0,0.0,0.0
0x16b52fd92cb8644f6299ce46ddd952151a4eee15,16,,0.0,0.0,0.0,0.0,0.0,0.0,0.0
0x1d395291c8a9f62138dd06a6199d9acf8bd92948,16,377568.0,0.0,0.0,0.0,0.0,0.0,0.0,0.0
0xefbc103259b500ebe6408fc7c91535b0e158e22b,16,,0.0,0.0,0.0,0.0,0.0,0.0,0.0
0xd6ef5649200101eb44ce8949f4cfb167b0c5a07a,15,,0.0,0.0,0.0,0.0,0.0,0.0,0.0
0x155d1164ff74eac667dd2136aee881a1381dc764,15,,0.0,0.0,0.0,0.0,0.0,0.0,0.0
0x2ebdee94cb5df4a8f4b5acab118f6d4e55896aed,15,,0.0,0.0,0.0,0.0,0.0,0.0,0.0
0x3980be8a221d45eb9cba07a93bcf74f1a1ee9c62,15,,0.0,0.0,0.0,0.0,0.0,0.0,0.0
0xb11bea1080317bae244429a9491a8d5a6f29a229,15,,0.0,0.0,0.0,0.0,0.0,0.0,0.0
0x53822864019ef6048b595d11f87b76e5f3c0c33d,15,,0.0,0.0,0.0,0.0,0.0,0.0,0.0
0xb0fbfefc6c325964d0ffc3f909bdda80b8421326,15,,0.0,0.0,0.0,0.0,0.0,0.0,0.0
0x21ff1b48bd358698bfdf853e71cafb761b5d2b7d,15,1741817.0,0.0,0.0,0.0,0.0,0.0,0.0,0.0
0x5d53c4df879ed574543a0cb450bb058a656679ea,15,,0.0,0.0,0.0,0.0,0.0,0.0,0.0
0xbb4cb13f20a50e7e954d85b84d7de727978fb610,15,,0.0,0.0,0.0,0.0,0.0,0.0,0.0
0x17f9d0098111d6ae0915f980517264f082db7206,14,,0.0,0.0,0.0,0.0,0.0,0.0,0.0
0x84cdbd3d8d65d4c5ccb16d9af5524c44573cb114,14,,0.0,0.0,0.0,0.0,0.0,0.0,0.0
0x4499d449f7703b5af8a9ee963e60f7de2c9c088d,14,,0.0,0.0,0.0,0.0,0.0,0.0,0.0
0x58120e7628a3d85fbaff5faa84d178eacd213c9b,14,1905187.0,0.0,0.0,0.0,0.0,0.0,0.0,0.0
0x06a19f17d74febd322bcb5d5c12b13373bea28ce,14,,0.0,0.0,0.0,0.0,0.0,0.0,0.0
0x11471fa47d1961c4f5f2f0df50259b3556a2aee3,14,,0.0,0.0,0.0,0.0,0.0,0.0,0.0
0x67fcc46ed2a63971697dad2fc7bb0091fe89e51d,14,1619740.0,0.0,0.0,0.0,0.0,0.0,0.0,0.0
0x60f00d5b49393be3d9e8ef6e2ea3fe45715b5f38,14,,0.0,0.0,0.0,0.0,0.0,0.0,0.0
0x63618d66c7a6a487491e2d0793f7b5b1c86485c0,14,,0.0,0.0,0.0,0.0,0.0,0.0,0.0
0x2d55a75eef61cf781a278f0d81074c896bdb167c,14,,0.0,0.0,0.0,0.0,0.0,0.0,0.0
0x20e3dc44d0f69945ed34abfbf5ff28ba6541de26,14,,0.0,0.0,0.0,0.0,0.0,0.0,0.0
0x72a0298d4c377c6399cc7c33d3c960c18b8508db,13,,0.0,0.0,0.0,0.0,0.0,0.0,0.0
0xa6cb81271418b9f41295fff54be05f6250c7cbf6,13,2358538.0,0.0,0.0,0.0,0.0,0.0,0.0,0.0
0xa7938a22fee8e98e19e930df45cb588a178efb9c,13,,0.0,0.0,0.0,0.0,0.0,0.0,0.0
0x2cd991f48ba31536a96b772536a1daaaedf150ae,13,,0.0,0.0,0.0,0.0,0.0,0.0,0.0
0x555e771d9bb5aaeff95658d91455aadd5eb303c6,13,,0.0,0.0,0.0,0.0,0.0,0.0,0.0
0x5647249079e257329ecb6f46ed41821d3c69e7de,13,467566.0,0.0,0.0,0.0,0.0,0.0,0.0,0.0
0xac7bbfed474127e8683320421264d403fd2155f9,13,,0.0,0.0,0.0,0.0,0.0,0.0,0.0
0x8482694d9bbf434bf2801f49be04dee5bc459d07,13,2073750.0,0.0,0.0,0.0,0.0,0.0,0.0,0.0
0x47807d3f6ae34ff6aa1fc8fe4e7b742197c1e125,13,,0.0,0.0,0.0,0.0,0.0,0.0,0.0
0x6f97d329b072e0f7b74575565d806a4351b8f824,13,,0.0,0.0,0.0,0.0,0.0,0.0,0.0
0x3e6fc92d4edcd1156fe211eb4d3aec1bae2922af,13,,0.0,0.0,0.0,0.0,0.0,0.0,0.0
0xe3f95ede833e41ad9743ef734ce48326323f3285,13,,0.0,0.0,0.0,0.0,0.0,0.0,0.0
0x168c69526ba07acaa26682a7f1757f07d3b5a856,13,,0.0,0.0,0.0,0.0,0.0,0.0,0.0
0x5612ef163418756136e5815654a5b910a32ad9a8,12,,0.0,0.0,0.0,0.0,0.0,0.0,0.0
0xdd2fdb391b49f1de04fa8587bdb49190c14d3370,12,,0.0,0.0,0.0,0.0,0.0,0.0,0.0
0x27f622deea0b5f6ad1aaba847b125b1c1d79c2a2,12,,0.0,0.0,0.0,0.0,0.0,0.0,0.0
0xf9ef0814135b8c1cc1398466c9b20fbd9319c5ab,12,,0.0,0.0,0.0,0.0,0.0,0.0,0.0
0x63d0437c2ab6c8e321813fc49bbae3d4b84751c9,12,,0.0,0.0,0.0,0.0,0.0,0.0,0.0
0xc2b072db52297507cce15e0eb68cbf13d9305b83,12,,0.0,0.0,0.0,0.0,0.0,0.0,0.0
0xea79e036f7f2a3b9114276151a63c3e1c1b9d49e,12,842501.0,0.0,0.0,0.0,0.0,0.0,0.0,0.0
0x203f4c410f3c35cead9f35b6de2f66e773d7f26e,12,,0.0,0.0,0.0,0.0,0.0,0.0,0.0
0x1ebc9d59fca0c4df29c453af993aa8c7c89b09bf,12,900112.0,0.0,0.0,0.0,0.0,0.0,0.0,0.0
0x0cefeb5cb11a8ab051bb8489f1bdc25e7fcb8dab,12,,0.0,0.0,0.0,0.0,0.0,0.0,0.0
0x394c57ac43a9cbd5fffce1c7e681c650154a2b0b,12,,0.0,0.0,0.0,0.0,0.0,0.0,0.0
0xfbbfcb53f48d7509817c0b6a52a6685e792fa360,12,,0.0,0.0,0.0,0.0,0.0,0.0,0.0
0xd1628dcf9c51a124aaffe8bb7a52cff6ef075eb5,12,,0.0,0.0,0.0,0.0,0.0,0.0,0.0
0xa87a233e8a7d8951ff790a2e39738086cb5f71b7,12,,0.0,0.0,0.0,0.0,0.0,0.0,0.0
0xdf52df044f1b150dfa79590909cdac6ad83d59fc,12,,0.0,0.0,0.0,0.0,0.0,0.0,0.0
0x8feb3a7d8bf1e424679fc75753b363eba5ee8185,11,658530.0,0.0,0.0,0.0,0.0,0.0,0.0,0.0
0x299e3b5271f879e8afcb06ed9998d56a82da0ba9,11,,0.0,0.0,0.0,0.0,0.0,0.0,0.0
0x7fdafefc360ac23b2ec198cecde136b265088b41,11,,0.0,0.0,0.0,0.0,0.0,0.0,0.0
0x5772e5982a6067830f43cbcddb9d1bb1cbc81657,11,,0.0,0.0,0.0,0.0,0.0,0.0,0.0
0xaffd56b527e1c80d5412adec2d0c01f76a29683a,11,,0.0,0.0,0.0,0.0,0.0,0.0,0.0
0xbb97757984fa4408c13bd3b4a9189f520bf317d3,11,,0.0,0.0,0.0,0.0,0.0,0.0,0.0
0xa6259c8c54b6d0d0fea625468bcf9b25ffcae7af,11,,0.0,0.0,0.0,0.0,0.0,0.0,0.0
0x0f7a453567401070ddb6b4ec82f97bd78b857c04,11,,0.0,0.0,0.0,0.0,0.0,0.0,0.0
0x95f45c5e6bd5a932c9193d55fed1fd0428ff127f,11,,0.0,0.0,0.0,0.0,0.0,0.0,0.0
0xbcd201e0d9a2781001cdaeffaadc02114e4c9b6a,11,,0.0,0.0,0.0,0.0,0.0,0.0,0.0
0xfbc9638938262f15cc1b3a751a54d538559da361,11,,0.0,0.0,0.0,0.0,0.0,0.0,0.0
0x9182083100c4a9fda89e2ca797044160bf3be3cb,11,,0.0,0.0,0.0,0.0,0.0,0.0,0.0
0xd82cb57a8d039760a2073a96aa1a8d9eded94068,11,,0.0,0.0,0.0,0.0,0.0,0.0,0.0
0x2b0517a6aa983b844afc67bca1f411d3147441b4,11,,0.0,0.0,0.0,0.0,0.0,0.0,0.0
0x2ff86642c3e42932ce2ad390a247718d3e44f79f,11,,0.0,0.0,0.0,0.0,0.0,0.0,0.0
0x67cb2a595c76cefaf66a64392bbc8cf88dd3f46d,11,,0.0,0.0,0.0,0.0,0.0,0.0,0.0
0xf53cab0c6f25f48f985d1e2c40e03fc7c1963364,11,,0.0,0.0,0.0,0.0,0.0,0.0,0.0
0xd28a9fb4c656b815bfa452d089673a7735ee2124,11,,0.0,0.0,0.0,0.0,0.0,0.0,0.0
0x2d57792d6f69e8040c4b8f77bfba288e3061977c,11,1089374.0,0.0,0.0,0.0,0.0,0.0,0.0,0.0
0xc6e55b803d11f85ea5f5ccb751a66467bbae6a85,11,,0.0,0.0,0.0,0.0,0.0,0.0,0.0
0xcf04bef8213f4b3494e445892c219de259c58ce0,11,,0.0,0.0,0.0,0.0,0.0,0.0,0.0
0x1ba78250c35b741e4ad7d356fbec3226bb094354,11,,0.0,0.0,0.0,0.0,0.0,0.0,0.0
0x45855a20e96cb4526ad730b9c02e0a47ffbe62b9,11,,0.0,0.0,0.0,0.0,0.0,0.0,0.0
0x7de1e2309e13a32e56d58cd17c6a156f86f8f867,11,,0.0,0.0,0.0,0.0,0.0,0.0,0.0
0x4f21a49d65a299ec32b581bf44a4be398275f487,11,,0.0,0.0,0.0,0.0,0.0,0.0,0.0
0x6eab2290bcd23f5de644841b440c78a1511b00a4,11,,0.0,0.0,0.0,0.0,0.0,0.0,0.0
0x540b6833c05442335aed721af5cadaa6c5b0236a,11,,0.0,0.0,0.0,0.0,0.0,0.0,0.0
0x944b5f7d8eece040aae1895c7fed03202aedf123,10,,0.0,0.0,0.0,0.0,0.0,0.0,0.0
0x98c67d967fd43fec9fe22bb7baa27952c00e09ed,10,,0.0,0.0,0.0,0.0,0.0,0.0,0.0
0x7044be555aea5bddb3b9808658500d4e0d0a6b6e,10,,0.0,0.0,0.0,0.0,0.0,0.0,0.0
0x279818c822e5c6135d989df50d0bba96e9564ce5,10,,0.0,0.0,0.0,0.0,0.0,0.0,0.0
0x75624536f18b72187722df78bc2dce1ec3e27737,10,,0.0,0.0,0.0,0.0,0.0,0.0,0.0
0xf94b346387ae5f1ae84bf10e36008cb552ca82d5,10,,0.0,0.0,0.0,0.0,0.0,0.0,0.0
0xdad495d5f7c52b0ff44c69521d0f45157cb5e173,10,990006.0,0.0,0.0,0.0,0.0,0.0,0.0,0.0
0x97f20f91c18093c7f738a00ffabc03eea04ec668,10,,0.0,0.0,0.0,0.0,0.0,0.0,0.0
0x491a52e8ba0ea781c02dcea134e9f2551d3f2689,10,,0.0,0.0,0.0,0.0,0.0,0.0,0.0
0x31a8b967cb0ffbdefa63bfb8962ad581d82f4140,10,,0.0,0.0,0.0,0.0,0.0,0.0,0.0
0x3308b9ea915c4b0cbd43d847571288cc9f5432e0,10,,0.0,0.0,0.0,0.0,0.0,0.0,0.0
0x73fcac2eab1a314082d12fe173a829ac2a60af01,10,,0.0,0.0,0.0,0.0,0.0,0.0,0.0
0x5b5d51203a0f9079f8aeb098a6523a13f298c060,10,945172.0,0.0,0.0,0.0,0.0,0.0,0.0,0.0
0x985f02b19dbc062e565c981aac5614baf2cf501f,10,,0.0,0.0,0.0,0.0,0.0,0.0,0.0
0xcb39c18f0e4d705d1db141171a65cb5a86c9fdb9,10,,0.0,0.0,0.0,0.0,0.0,0.0,0.0
0x0f4c6c2ad8214037f116923943f2aa85d29ff8ec,10,,0.0,0.0,0.0,0.0,0.0,0.0,0.0
0xb1450ac927878e80c8f7d66769b7c6da04bb4822,10,,0.0,0.0,0.0,0.0,0.0,0.0,0.0
0x2df1e1378bee3ff4404a602f5de07017837be985,10,,0.0,0.0,0.0,0.0,0.0,0.0,0.0
0x77cf4749bc96f9f47a2a40371d917753c124e7ee,10,,0.0,0.0,0.0,0.0,0.0,0.0,0.0
0x15508acd3565b136ebfc98365436576ba7986e52,10,1499214.0,0.0,0.0,0.0,0.0,0.0,0.0,0.0
0x43fa26c444767ea3b82ad2f998bc995305823a32,10,,0.0,0.0,0.0,0.0,0.0,0.0,0.0
0x049c48d6e1619cc9aad5005aa3508a33b4f4a114,10,371887.0,0.0,0.0,0.0,0.0,0.0,0.0,0.0
0xbfc79c444c41a74516bf31237ebf586a231480b4,10,,0.0,0.0,0.0,0.0,0.0,0.0,0.0
0xd08a4557671ca465e7bba41110a93148c90f9931,10,1146188.0,0.0,0.0,0.0,0.0,0.0,0.0,0.0
0x39733a91a24680645ba8edf3372c820d99b10e8e,10,,0.0,0.0,0.0,0.0,0.0,0.0,0.0
0x9f4e53da70615a93a316dafd3a0de3be84b72ea7,9,,0.0,0.0,0.0,0.0,0.0,0.0,0.0
0xea0ded2d212c38755dca4dce958451b59d4ea4fe,9,,0.0,0.0,0.0,0.0,0.0,0.0,0.0
0xfce053a5e461683454bf37ad66d20344c0e3f4c0,9,1104836.0,0.0,0.0,0.0,0.0,0.0,0.0,0.0
0x6115639939a5b3c5cb31e7f9384802dc2b0cdcf0,9,,0.0,0.0,0.0,0.0,0.0,0.0,0.0
0x673aeef7099323a49ad7edded13a458661a60f95,9,417801.0,0.0,0.0,0.0,0.0,0.0,0.0,0.0
0x61bf199fabf0d2ec9dc98b9bcf8084aca32bc0de,9,,0.0,0.0,0.0,0.0,0.0,0.0,0.0
0xe9f4a95b966c85380854fdf633b5bd0f339d1cea,9,1520845.0,0.0,0.0,0.0,0.0,0.0,0.0,0.0
0x3577fcc0c48111409a6b9d8e3c35e246743cd898,9,1659808.0,0.0,0.0,0.0,0.0,0.0,0.0,0.0
0x93414b63bc546906e67dce3caa5c6abf47901975,9,,0.0,0.0,0.0,0.0,0.0,0.0,0.0
0x9779e546e712f4b331f948a862ef621fdfcc4889,9,815384.0,0.0,0.0,0.0,0.0,0.0,0.0,0.0
0x03d0c10f8bdc400ffe6203e281650f1b4a9278e9,9,1085667.0,0.0,0.0,0.0,0.0,0.0,0.0,0.0
0xf5a5d1161fdc017cd6681e416fdf7da885e80e83,9,903876.0,0.0,0.0,0.0,0.0,0.0,0.0,0.0
0x8b80c693fd4643248f9734d1aa944496c2a2c0fb,9,,0.0,0.0,0.0,0.0,0.0,0.0,0.0
0x54f9524155c82f1f3f2c5e086ba513df442a18ef,9,,0.0,0.0,0.0,0.0,0.0,0.0,0.0
0x5a93584d51fbb9e6e82b024c3f3bd30b9b04e546,9,,0.0,0.0,0.0,0.0,0.0,0.0,0.0
0x577586e7460f83ce4f30ded0ea2e44e7579de25d,9,,0.0,0.0,0.0,0.0,0.0,0.0,0.0
0x44c9c226cdfae773002b3f86d3966af3cd8f277c,9,1169274.0,0.0,0.0,0.0,0.0,0.0,0.0,0.0
0xa555087ab626734cac5ecd1c38eebf1fd26079e9,9,,0.0,0.0,0.0,0.0,0.0,0.0,0.0
0x61258c3c349b12edfa28a1a06bfcc587409a2ccb,9,1083822.0,0.0,0.0,0.0,0.0,0.0,0.0,0.0
0x39235f8b59f02a28db7217d153d0cf23279eca60,9,,0.0,0.0,0.0,0.0,0.0,0.0,0.0
0xa8a747efc467aa6f5a7d92d4c1614db6bf287165,9,,0.0,0.0,0.0,0.0,0.0,0.0,0.0
0x9235825b9fcc820f26196bc502a0bbca24da2568,9,,0.0,0.0,0.0,0.0,0.0,0.0,0.0
0xaa56cbf54d8fe9487675d861c64da7048813b812,9,,0.0,0.0,0.0,0.0,0.0,0.0,0.0
0x4a967488da784c0e34e58cb379fd8608010ce663,9,,0.0,0.0,0.0,0.0,0.0,0.0,0.0
0xb54519100a0879a30516342c46bea610832a94f3,9,,0.0,0.0,0.0,0.0,0.0,0.0,0.0
0x0069df723cac730b058e2edf9bda14b179b15ae5,9,,0.0,0.0,0.0,0.0,0.0,0.0,0.0
0x5b68a79ab18db38d39a1f733b2afaf344494c490,9,,0.0,0.0,0.0,0.0,0.0,0.0,0.0
0xb29fac73e9dfb6f02ea34abd553176c4d46e82bb,9,,0.0,0.0,0.0,0.0,0.0,0.0,0.0
0x27539fd4d7393e15415e84589fa47f30060be1a7,9,,0.0,0.0,0.0,0.0,0.0,0.0,0.0
0x404ca2035b37bf2e83505134ebcf8d03babb5f03,9,585731.0,0.0,0.0,0.0,0.0,0.0,0.0,0.0
0x1c2c96e78a42958892e637bdc0d94ce259f109fe,9,1099533.0,0.0,0.0,0.0,0.0,0.0,0.0,0.0
0x365e0c115f1ca1adcb42fd21142873493df7f880,9,1395933.0,0.0,0.0,0.0,0.0,0.0,0.0,0.0
0x5d6d3be688e7c3dfd90e8cc41833c3a8c3cfde39,9,,0.0,0.0,0.0,0.0,0.0,0.0,0.0
0x870ce4cbe75814672c0f1e62d3d19474dbca2edc,9,,0.0,0.0,0.0,0.0,0.0,0.0,0.0
0x09c2603bd1fd8a0abf310e6e6a68cddbe0babc98,8,,0.0,0.0,0.0,0.0,0.0,0.0,0.0
0xe875e426932d2accc73d1a200dcadd003b09524c,8,,0.0,0.0,0.0,0.0,0.0,0.0,0.0
0x5b735e8940ce044db8d84c24c84e4b2301631995,8,,0.0,0.0,0.0,0.0,0.0,0.0,0.0
0x505f0ce70718e4aa880cef1ecc3c4da958c8300a,8,,0.0,0.0,0.0,0.0,0.0,0.0,0.0
0x185611e0343c14f53a4406891cb0fdc9e81808ae,8,,0.0,0.0,0.0,0.0,0.0,0.0,0.0
0xc41f2ea878defd1ca1f1d3636b2664c9b0d97d60,8,,0.0,0.0,0.0,0.0,0.0,0.0,0.0
0x318fe0b9c363b84d48142efe5a5c6478235008d7,8,,0.0,0.0,0.0,0.0,0.0,0.0,0.0
0x2fcb6898d5a0623de19c3691904927685014c4d8,8,,0.0,0.0,0.0,0.0,0.0,0.0,0.0
0x08c14b32c8a48894e4b933090ebcc9ce33b21135,8,,0.0,0.0,0.0,0.0,0.0,0.0,0.0
0xdcf6c0c239f7521ceda812f68abfff3a6b401e15,8,,0.0,0.0,0.0,0.0,0.0,0.0,0.0
0x88250cf2f6402e856bc85fc65095e4a48bb12cb7,8,,0.0,0.0,0.0,0.0,0.0,0.0,0.0
0xf896be986f5361f1810ba031e1cea367cabd8961,8,,0.0,0.0,0.0,0.0,0.0,0.0,0.0
0x3f3e7878cbde6da00629f6f6115f367f8ef316d2,8,2364862.0,0.0,0.0,0.0,0.0,0.0,0.0,0.0
0x8adc792d2df9c9cad58ec9c97157c7ee2a7c5482,8,,0.0,0.0,0.0,0.0,0.0,0.0,0.0
0x54069d1a01434813617e09b9426b03971c0ce123,8,,0.0,0.0,0.0,0.0,0.0,0.0,0.0
0x80f15d0bf76f5e7d77d958c5177c91f818036c94,8,,0.0,0.0,0.0,0.0,0.0,0.0,0.0
0xcdb8a0c7ac0a199436d7864d614409af4b779466,8,,0.0,0.0,0.0,0.0,0.0,0.0,0.0
0x8794fa76ca4828ef5779290fc2475ddf2bbac7f0,8,,0.0,0.0,0.0,0.0,0.0,0.0,0.0
0xe212716bbf9968f22d4f8c6dbd6f39006f5cd015,8,,0.0,0.0,0.0,0.0,0.0,0.0,0.0
0x58de5346ad184a998c6f572dd2ef17cb55f30fb5,8,,0.0,0.0,0.0,0.0,0.0,0.0,0.0
0xe353b772e0dd761eefdbc6f9369b066ba3b3ee9d,8,,0.0,0.0,0.0,0.0,0.0,0.0,0.0
0x6a7a17046df7d3e746ce97d67dc1c6c55e27ce75,8,,0.0,0.0,0.0,0.0,0.0,0.0,0.0
0xe92d2041199b18f611b137457f3acee8bedb22d3,8,,0.0,0.0,0.0,0.0,0.0,0.0,0.0
0xd6e56265890b76413d1d527eb9b75e334c0c5b42,8,,0.0,0.0,0.0,0.0,0.0,0.0,0.0
0x663a0f016fb2f6ad8428738763b7177cd3f9fb50,8,1134983.0,0.0,0.0,0.0,0.0,0.0,0.0,0.0
0xea593165b42db66b47e46174a3a5c7bc269c0f29,8,,0.0,0.0,0.0,0.0,0.0,0.0,0.0
0x6a1372b4fb791a50f58f0249cf82ebbc69b1a6ac,8,,0.0,0.0,0.0,0.0,0.0,0.0,0.0
0x7a9d45682babd8a2d79181623c75a7f615990b27,8,2204703.0,0.0,0.0,0.0,0.0,0.0,0.0,0.0
0x9cfc071d0432fb7f785aa602f3a3d727f8cf8900,8,,0.0,0.0,0.0,0.0,0.0,0.0,0.0
0xdb2069eeaa5eabb5cc5590a690ea3cc1f40d06a8,8,,0.0,0.0,0.0,0.0,0.0,0.0,0.0
0x6d4b896a9cf9c1678ba28106c5272d7359d93687,8,1293845.0,0.0,0.0,0.0,0.0,0.0,0.0,0.0
0xf961e5e6c5276164adb2865b7e80cf82dc04e920,8,,0.0,0.0,0.0,0.0,0.0,0.0,0.0
0x314923f06c408b1eb0f22ccf0ccec628a6f40333,8,,0.0,0.0,0.0,0.0,0.0,0.0,0.0
0xad747a668a86a4a3779e6f106b817be889dfaeff,8,,0.0,0.0,0.0,0.0,0.0,0.0,0.0
0xd483255b24d9419471b19eee8582c7897322290b,8,,0.0,0.0,0.0,0.0,0.0,0.0,0.0
0x00c354d0035eb75724b479ced317cccaf67f4216,8,,0.0,0.0,0.0,0.0,0.0,0.0,0.0
0xa16107f011f2553fc45f714d1c5e84d703309297,8,,0.0,0.0,0.0,0.0,0.0,0.0,0.0
0xb2485dd419530db036eb017d1c3f7c4f0c718fbd,8,,0.0,0.0,0.0,0.0,0.0,0.0,0.0
0xdf6a4dba3ef113f030f95511e70721548dc7f3e2,8,,0.0,0.0,0.0,0.0,0.0,0.0,0.0
0xc156ea60f3a3c06d662c8161ec08220b5f027655,8,,0.0,0.0,0.0,0.0,0.0,0.0,0.0
0x6c6dedf6d67e57e514f96f05e7fbea7ec665d9ea,8,,0.0,0.0,0.0,0.0,0.0,0.0,0.0
0xc1471df385b1b039aae2000678e0b8bd905b3aef,8,,0.0,0.0,0.0,0.0,0.0,0.0,0.0
0x78c9ff54c9e1948f4f65533dbfc09820da299eb7,7,,0.0,0.0,0.0,0.0,0.0,0.0,0.0
0xcb15941180ed7cff8b3547117eca6b78cbdeaf9c,7,,0.0,0.0,0.0,0.0,0.0,0.0,0.0
0xe541321cdfe1e9dbbf2d987b825a1f56a875e72b,7,,0.0,0.0,0.0,0.0,0.0,0.0,0.0
0x3440f23a87f1950e7a88cd248fd270e92d1132c5,7,,0.0,0.0,0.0,0.0,0.0,0.0,0.0
0xbf10180dbdcb706f6f948d3679d129f1aef73c2f,7,,0.0,0.0,0.0,0.0,0.0,0.0,0.0
0x6859da14835424957a1e6b397d8026b1d9ff7e1e,7,581996.0,0.0,0.0,0.0,0.0,0.0,0.0,0.0
0x29b5dc8a30ec2ebb80a59153d761fdcb2dd1e549,7,,0.0,0.0,0.0,0.0,0.0,0.0,0.0
0xa40beefe39e4dc1ad4fd92c3058f0103e4dff6cd,7,1665488.0,0.0,0.0,0.0,0.0,0.0,0.0,0.0
0x214d879175b3f121534ab206418924414231f6d4,7,,0.0,0.0,0.0,0.0,0.0,0.0,0.0
0x892a655268b16377e50f9ca542f8ad3899e1ec68,7,,0.0,0.0,0.0,0.0,0.0,0.0,0.0
0x66339a4c857997b2cb3a1139cc37f68fbdf9a795,7,,0.0,0.0,0.0,0.0,0.0,0.0,0.0
0x6a302cce4479fa9e4fa9f4500b8945b82127a0c9,7,,0.0,0.0,0.0,0.0,0.0,0.0,0.0
0xaf895c94edeb085afd3b06b1502abc630b765b8c,7,,0.0,0.0,0.0,0.0,0.0,0.0,0.0
0xb0d352f701e7612b639ad87bcaf0ce49af937aab,7,,0.0,0.0,0.0,0.0,0.0,0.0,0.0
0xd8bc568c79e9a75563910e82e528596b49065cc9,7,,0.0,0.0,0.0,0.0,0.0,0.0,0.0
0x430da63ea3b2806a227184e481fcbfb8af749324,7,,0.0,0.0,0.0,0.0,0.0,0.0,0.0
0xa24c5ca26c41cc52aeac1d6886d37f6dd5d6949f,7,,0.0,0.0,0.0,0.0,0.0,0.0,0.0
0xcd6cd380329759474d36c2fbc7b9a13177f38bd9,7,,0.0,0.0,0.0,0.0,0.0,0.0,0.0
0x54782012153325a8d8514ec0ee1a5cac37a47c18,7,,0.0,0.0,0.0,0.0,0.0,0.0,0.0
0xe26cd4338c746d13f3bc2ba6dd6b6001807b258b,7,,0.0,0.0,0.0,0.0,0.0,0.0,0.0
0x5b1c220c5d481ae836a5457778f3175d62e48305,7,,0.0,0.0,0.0,0.0,0.0,0.0,0.0
0x9a88dd4eacc3aa561c4f50ec66bcede831bec813,7,,0.0,0.0,0.0,0.0,0.0,0.0,0.0
0x8c07b1daace73d918c931e3d170120ebd8dc1bc2,7,,0.0,0.0,0.0,0.0,0.0,0.0,0.0
0x6d3b90747dbf5883bf88ff7eb5fcc86f408b5409,7,,0.0,0.0,0.0,0.0,0.0,0.0,0.0
0x5268a5a3f02facdae50878e7565717d953b56bde,7,,0.0,0.0,0.0,0.0,0.0,0.0,0.0
0xf8030b2e76bec32181e4c55404264e7760b8d3ab,7,1850718.0,0.0,0.0,0.0,0.0,0.0,0.0,0.0
0x2431edfcb662e6ff6deab113cc91878a0b53fb0f,7,,0.0,0.0,0.0,0.0,0.0,0.0,0.0
0xd9f1ff057fbe33c69e2f9dd4eeff1d88dfa77fdb,7,,0.0,0.0,0.0,0.0,0.0,0.0,0.0
0x624557e8b21489a751f3ab14dc1d74a07a7abeb8,7,,0.0,0.0,0.0,0.0,0.0,0.0,0.0
0x13639fb4a6ba5de085420b998493cc1b6911e5aa,7,,0.0,0.0,0.0,0.0,0.0,0.0,0.0
0x5e480f485bf6d0a39e6bce471a76ab8a157fe084,7,,0.0,0.0,0.0,0.0,0.0,0.0,0.0
0x1e5302ebd47afbc5bba332202bdf28bc426380ee,7,,0.0,0.0,0.0,0.0,0.0,0.0,0.0
0xa6c86bd2de8872ba2e05c654564b11f8629c312f,7,,0.0,0.0,0.0,0.0,0.0,0.0,0.0
0x4ad41a247e89acbb1e6151eac9d847b4cd3b80a1,7,1046630.0,0.0,0.0,0.0,0.0,0.0,0.0,0.0
0x42e477b069f4f2afa4f7bff975fd54403628e224,7,,0.0,0.0,0.0,0.0,0.0,0.0,0.0
0x88df7bcd7ae9d3ba94b53ca98d9de308e4a049e6,7,,0.0,0.0,0.0,0.0,0.0,0.0,0.0
0xe8e2a6d0dc5466f3d4a348e1feff713c940676b9,7,,0.0,0.0,0.0,0.0,0.0,0.0,0.0
0xc2a8974a3c76fa706354dea76bd55cabb1d51aaf,7,,0.0,0.0,0.0,0.0,0.0,0.0,0.0
0x1854c68626ab46b05e882a537e47c1758e486bf1,7,,0.0,0.0,0.0,0.0,0.0,0.0,0.0
0x532edd3ed25ee2a0fc2f4c6258df43049149d32c,7,,0.0,0.0,0.0,0.0,0.0,0.0,0.0
0x7875c717ff6d8ad32521fcf3fcc6d6790a641f58,7,,0.0,0.0,0.0,0.0,0.0,0.0,0.0
0x41533ac4a6016840b9328875a6a921eec5eb1bcb,7,,0.0,0.0,0.0,0.0,0.0,0.0,0.0
0x0a292ac34b06757985f2b31cab7adf76d74ba472,7,,0.0,0.0,0.0,0.0,0.0,0.0,0.0
0x3f8cf677251f0914b53477fe1f96574424203063,7,,0.0,0.0,0.0,0.0,0.0,0.0,0.0
0x053f522eb6b9701ac6607a98201d6ac8a8b5bfc4,7,,0.0,0.0,0.0,0.0,0.0,0.0,0.0
0xf9de4e7c610b325781388dcbc39107b09c05dcbd,7,,0.0,0.0,0.0,0.0,0.0,0.0,0.0
0xe633b4f956096715f1a03dbe6cc149aff0731cd1,7,,0.0,0.0,0.0,0.0,0.0,0.0,0.0
0x21a2b0fcdea50c75092cb69539940ea17942a192,7,,0.0,0.0,0.0,0.0,0.0,0.0,0.0
0x7a9218b1137e299b094172fbfbde578f93fe5a7e,7,,0.0,0.0,0.0,0.0,0.0,0.0,0.0
0xdc15771c8ef778fbfe4e821e9c80f31e5d35312e,7,,0.0,0.0,0.0,0.0,0.0,0.0,0.0
0xcae04b0be2f5e3a2f74a0dd67e1ed90c8b60f552,7,,0.0,0.0,0.0,0.0,0.0,0.0,0.0
0x49c722ae327ecd47aa96e337eedfd246540d323e,7,,0.0,0.0,0.0,0.0,0.0,0.0,0.0
0xa68951ae96763da0273b349b02594777c69f88ff,7,,0.0,0.0,0.0,0.0,0.0,0.0,0.0
0xcda067724f6c475bf6e30bac820ca9b7aacc52e2,7,,0.0,0.0,0.0,0.0,0.0,0.0,0.0
0xa6244c007584b2c2fb1160b96f874b42dc2fe36c,7,,0.0,0.0,0.0,0.0,0.0,0.0,0.0
0xdb043d42e1a2f2b8e0fdf5beb29a6ca844c1c592,7,1111519.0,0.0,0.0,0.0,0.0,0.0,0.0,0.0
0x4d0976dabd56385d1b54867724c64159aef12bc4,7,1970293.0,0.0,0.0,0.0,0.0,0.0,0.0,0.0
0x8f61ec1cff19cc648cf76b86182d1a065fd1bf67,7,,0.0,0.0,0.0,0.0,0.0,0.0,0.0
0xec727683446a4f8adddf171d6e59749618d0871b,7,,0.0,0.0,0.0,0.0,0.0,0.0,0.0
0xd5ff1a5e83a92e12ccbc7db466d94be02bd3eafc,7,,0.0,0.0,0.0,0.0,0.0,0.0,0.0
0x17977099aecd4c4f4ccd424c64ac5da472dbaee8,7,,0.0,0.0,0.0,0.0,0.0,0.0,0.0
0xf5e620633622aea91b6087d1977a1c973d2f3e1f,7,566796.0,0.0,0.0,0.0,0.0,0.0,0.0,0.0
0x93a3e7e4ffeaa8680e51f1cd2ead7ce398a2d5f5,7,,0.0,0.0,0.0,0.0,0.0,0.0,0.0
0xe2fe98b6e494105058bcb1f67bb19eea410b0968,7,,0.0,0.0,0.0,0.0,0.0,0.0,0.0
0x3fc6b63462dfa99aba339a403a6a17b8112affba,7,,0.0,0.0,0.0,0.0,0.0,0.0,0.0
0xbef8b70ab3fdd6095b9810f5364d4eb9df843d16,7,,0.0,0.0,0.0,0.0,0.0,0.0,0.0
0x9100110f374453cc67679035184a3bd9ca057cc5,7,,0.0,0.0,0.0,0.0,0.0,0.0,0.0
0x92c6bf0bf43dc703a9611b8798485b41647735c4,7,,0.0,0.0,0.0,0.0,0.0,0.0,0.0
0x4b8c1c25c89ca27434c0ac64a48c360765c7aa5a,7,,0.0,0.0,0.0,0.0,0.0,0.0,0.0
0xcc44634f35d0be9c530b062d88e2504877e70799,7,1654188.0,0.0,0.0,0.0,0.0,0.0,0.0,0.0
0x7488a5edfbecfd6fa0bac9cc94eb87b512036909,7,,0.0,0.0,0.0,0.0,0.0,0.0,0.0
0xd6543336fbab71511cf8b8c4e71f78ca945aa42c,7,,0.0,0.0,0.0,0.0,0.0,0.0,0.0
0x8a303a4b38582f2ac1544b28c746620da0335d70,6,,0.0,0.0,0.0,0.0,0.0,0.0,0.0
0x2fa93bf8bd2391609e4a292c80d3fddb1961d0d2,6,,0.0,0.0,0.0,0.0,0.0,0.0,0.0
0x2b8959506bcda77d5a4cf8dea88a5d29bc3e689e,6,,0.0,0.0,0.0,0.0,0.0,0.0,0.0
0xa3443e9f455bbe7cf4d58fea349b070130079feb,6,,0.0,0.0,0.0,0.0,0.0,0.0,0.0
0xf85a6d3b3945525596cef26cab3e1278189fbf16,6,,0.0,0.0,0.0,0.0,0.0,0.0,0.0
0x13a5a3a96f6a74e0111773877fbffafa19dcceee,6,,0.0,0.0,0.0,0.0,0.0,0.0,0.0
0x83f663d3669c2376dd6338104d2ee86f17324332,6,,0.0,0.0,0.0,0.0,0.0,0.0,0.0
0xf3019b7c49b21fb9dfbc6b0af44a56500267ec6f,6,,0.0,0.0,0.0,0.0,0.0,0.0,0.0
0xbdd80394795008ba2b1d7629fd33b4be58eaf93b,6,,0.0,0.0,0.0,0.0,0.0,0.0,0.0
0xc743b3ea47debbd0f18ad8cd4f8555a0bb0ca859,6,,0.0,0.0,0.0,0.0,0.0,0.0,0.0
0x4cde44f62b6129d6c8a55e55f29cd1a275678670,6,,0.0,0.0,0.0,0.0,0.0,0.0,0.0
0x61150b2f2d5b17d33b3a03336620548b9b70426d,6,,0.0,0.0,0.0,0.0,0.0,0.0,0.0
0x2998d3b1b721ef9d10aaa67c84a42bad1823d330,6,1148485.0,0.0,0.0,0.0,0.0,0.0,0.0,0.0
0x623dc1ff4da3746bd8f829e65925ed42251d8bcd,6,,0.0,0.0,0.0,0.0,0.0,0.0,0.0
0xc30c7ea910a71ce06ae840868b0c7e47616ba4c9,6,,0.0,0.0,0.0,0.0,0.0,0.0,0.0
0xe5653bfa5e42bf6a28e6af0930f7dee54aaa35c8,6,1307609.0,0.0,0.0,0.0,0.0,0.0,0.0,0.0
0x8bd6761dc9523281f097d0c17b96879b3e7e1fb1,6,,0.0,0.0,0.0,0.0,0.0,0.0,0.0
0x94c37e4f99e6a4ffbdddcee772dc1aeeba8044b8,6,1975314.0,0.0,0.0,0.0,0.0,0.0,0.0,0.0
0x0c14e30d719d007aefe843efa763521efc33e36b,6,,0.0,0.0,0.0,0.0,0.0,0.0,0.0
0x6f63b2b24858391a8cc023f37c381ddceb902bf7,6,,0.0,0.0,0.0,0.0,0.0,0.0,0.0
0x8cda7bcea7bac1545481f42a219fde1a016b57c2,6,2051088.0,0.0,0.0,0.0,0.0,0.0,0.0,0.0
0x84bf954247c39fa093bbbf7e3defec31cdc8f992,6,,0.0,0.0,0.0,0.0,0.0,0.0,0.0
0xc7b0e1711c2ed5131d91e2539522e386261576a4,6,,0.0,0.0,0.0,0.0,0.0,0.0,0.0
0x9c0002c4cdf8fc1d238f883e0346fc564f19c984,6,,0.0,0.0,0.0,0.0,0.0,0.0,0.0
0x77375a8c9d13bf79afb2a87f1b0ac1dfd5f5bf66,6,,0.0,0.0,0.0,0.0,0.0,0.0,0.0
0xe807ef6abba4af23d7c82d25c2346fe15186e3f1,6,,0.0,0.0,0.0,0.0,0.0,0.0,0.0
0xe97da2a09d3e8478c683fc0e428043286a83d318,6,,0.0,0.0,0.0,0.0,0.0,0.0,0.0
0xd2df55b76b7145b9d59c8c67573b61c9193a8a2c,6,1550524.0,0.0,0.0,0.0,0.0,0.0,0.0,0.0
0xa99767ff6874018935af8924eeb3de3c7b578edc,6,1060121.0,0.0,0.0,0.0,0.0,0.0,0.0,0.0
0x69b5742e49c2816ed56b8a8b3f31891e02773498,6,,0.0,0.0,0.0,0.0,0.0,0.0,0.0
0xa0f357eb4873259493e819a6abdbab64bda3f893,6,,0.0,0.0,0.0,0.0,0.0,0.0,0.0
0x396932cf21d7a37eb8db923d669fcd5bc0c751d2,6,,0.0,0.0,0.0,0.0,0.0,0.0,0.0
0x181418f7f8d578b93d3cba9a49c301305ccc140f,6,,0.0,0.0,0.0,0.0,0.0,0.0,0.0
0x1a7d496653f715700608d6d0f75d5f3d511644cc,6,,0.0,0.0,0.0,0.0,0.0,0.0,0.0
0xa219089b6e108e9884e1eb80645b231626a5ef06,6,,0.0,0.0,0.0,0.0,0.0,0.0,0.0
0x8a5cd8bd74ab3f205ddcb3b73b2f66deadc6827f,6,1933064.0,0.0,0.0,0.0,0.0,0.0,0.0,0.0
0x219a2f5338f3ad74965a03c491e42963b69acc8d,6,,0.0,0.0,0.0,0.0,0.0,0.0,0.0
0xdc4416e24a7193abdbf3ee17ec0db0a2d4307faf,6,,0.0,0.0,0.0,0.0,0.0,0.0,0.0
0x70875c76b1219a5e03ea43881a2e90faade89fc9,6,,0.0,0.0,0.0,0.0,0.0,0.0,0.0
0x774f28fc243d6aa8787506869643fb4698bd2133,6,1856474.0,0.0,0.0,0.0,0.0,0.0,0.0,0.0
0xa581bb0ac1a7ec393e76ccd45de2bfff6146e213,6,,0.0,0.0,0.0,0.0,0.0,0.0,0.0
0xd167c354cff9c430b2b9367c0b400e71aef025ac,6,,0.0,0.0,0.0,0.0,0.0,0.0,0.0
0x888e000c78b8f1aada5b3c99f880794907b76d77,6,,0.0,0.0,0.0,0.0,0.0,0.0,0.0
0x3e02519a47cef3d4464944c4815fad9e5837e767,6,930922.0,0.0,0.0,0.0,0.0,0.0,0.0,0.0
0xf2583743322e2d3c9e31a622432cd750f7d2116c,6,,0.0,0.0,0.0,0.0,0.0,0.0,0.0
0xa183a9fdae89949393995f6d773311054a9cb684,6,,0.0,0.0,0.0,0.0,0.0,0.0,0.0
0x6a681ae3e378ab6cb931af2f826f2e2839fa7985,6,,0.0,0.0,0.0,0.0,0.0,0.0,0.0
0x9cc977a9ecf973593e32994826d7813961833611,6,,0.0,0.0,0.0,0.0,0.0,0.0,0.0
0x6457c5dfdea447ea1a606ad01b2fefad8481ab69,6,,0.0,0.0,0.0,0.0,0.0,0.0,0.0
0x99c15705d18e8b73080446870f3bf69cdeedc8c8,6,,0.0,0.0,0.0,0.0,0.0,0.0,0.0
0xcf6af89fad9c8caace99794fd20e5d07b59df3cc,6,,0.0,0.0,0.0,0.0,0.0,0.0,0.0
0xe06532a98a541b48f6330d2dd88e2b4b96010d6b,6,,0.0,0.0,0.0,0.0,0.0,0.0,0.0
0x53be5eda71947cc45146f92561d98aed94f184b1,6,,0.0,0.0,0.0,0.0,0.0,0.0,0.0
0xc5130253df1ba325a96ad610015c231533984a7a,6,2087359.0,0.0,0.0,0.0,0.0,0.0,0.0,0.0
0x4ffd0a59a26cb2aa76d403215e4cc2845c053994,6,,0.0,0.0,0.0,0.0,0.0,0.0,0.0
0xf6ff67f14de8c54322eb06c2bb11292449cb0397,6,,0.0,0.0,0.0,0.0,0.0,0.0,0.0
0x3e5bde633de8134bcd38365085a7e975228da588,6,,0.0,0.0,0.0,0.0,0.0,0.0,0.0
0x1ae677bed390baa9dbd4fef6f920fefc72481417,6,,0.0,0.0,0.0,0.0,0.0,0.0,0.0
0x9f4e40843d7163e9d064e6dbb09da1191da64e35,6,,0.0,0.0,0.0,0.0,0.0,0.0,0.0
0x54f8a6a355f4c4929e55524afa8671a3cfc960f3,6,,0.0,0.0,0.0,0.0,0.0,0.0,0.0
0xbbc4dbec8c8d4d51935b6c2fc11801f96649dd0a,6,,0.0,0.0,0.0,0.0,0.0,0.0,0.0
0xcac19662ec88d23fa1c81ac0e8570b0cf2ff26b3,6,,0.0,0.0,0.0,0.0,0.0,0.0,0.0
0x597077efeb1bca71deaf556bac4d8e28a4595bef,6,2287613.0,0.0,0.0,0.0,0.0,0.0,0.0,0.0
0x172d3e4ee53591de867c9af3e2ac03dbbd02b7ca,6,,0.0,0.0,0.0,0.0,0.0,0.0,0.0
0xc1fce740d83a60de67d039aa927a678ff78c202f,6,2233110.0,0.0,0.0,0.0,0.0,0.0,0.0,0.0
0xc15b2dd9fe6b7bc0b39fa31f27ba4858782abed0,6,,0.0,0.0,0.0,0.0,0.0,0.0,0.0
0x2c5338c434c5f02c02bdd08a87080372e498d3d0,6,,0.0,0.0,0.0,0.0,0.0,0.0,0.0
0x9fb1afcd04d3413c17714f7d635bda700e451bd5,6,,0.0,0.0,0.0,0.0,0.0,0.0,0.0
0xa553d3ef481c66091ffb857d4f5fb34e97324b4e,6,,0.0,0.0,0.0,0.0,0.0,0.0,0.0
0x7bcd75d27dadb5a14f3fd0e713f436ac79017ba4,6,,0.0,0.0,0.0,0.0,0.0,0.0,0.0
0x970d1e95409923ac0662fae6b66b1cd5d80df448,6,,0.0,0.0,0.0,0.0,0.0,0.0,0.0
0x56360f479cfa69145184a73f64023b04c631e68a,6,,0.0,0.0,0.0,0.0,0.0,0.0,0.0
0xc9cb9c182d9371c35f4de7e2a695d917ca46044d,6,,0.0,0.0,0.0,0.0,0.0,0.0,0.0
0x9d1792626cc8bfb29acc7e5e7a2f706bb6ada290,6,,0.0,0.0,0.0,0.0,0.0,0.0,0.0
0x53cc62fe9d7d0c1642cec459819a37e6b095c6df,6,,0.0,0.0,0.0,0.0,0.0,0.0,0.0
0x7d596a49900b2e6dd1fedd24f623e8350b5fa2ef,6,,0.0,0.0,0.0,0.0,0.0,0.0,0.0
0xe1057a1287a8a363d21bee6fe12860fd62d96428,6,,0.0,0.0,0.0,0.0,0.0,0.0,0.0
0x834929d4d9a53ce21ea95ba944a1003301b7a5b7,6,,0.0,0.0,0.0,0.0,0.0,0.0,0.0
0xb9b0b6ef656c5a7b666bd0c6d224478f8340ae20,6,,0.0,0.0,0.0,0.0,0.0,0.0,0.0
0xf66a5302fb2cae1b373a55b26af9118af68fc722,6,,0.0,0.0,0.0,0.0,0.0,0.0,0.0
0x3e7dfc04239e65392f0b03610b72f7e2e927fc8f,6,,0.0,0.0,0.0,0.0,0.0,0.0,0.0
0x6f81ec3d124bfe3745b14ea2063aa4e8787b30ea,6,,0.0,0.0,0.0,0.0,0.0,0.0,0.0
0x14bde5e4988325721e3d2eecb95b4b5651663249,6,,0.0,0.0,0.0,0.0,0.0,0.0,0.0
0x31edd7da5efb03b3ce15ab4edb2a94d680a079e8,6,810852.0,0.0,0.0,0.0,0.0,0.0,0.0,0.0
0x70a6dad2bc3957d65ca56bcc19c2dbc6c6ed08bc,6,,0.0,0.0,0.0,0.0,0.0,0.0,0.0
0x99f1fe0a2e25892d0300331c0153085589e690be,6,,0.0,0.0,0.0,0.0,0.0,0.0,0.0
0xb7f4e31c2b10d67f918ddb9989aea182134417c3,6,,0.0,0.0,0.0,0.0,0.0,0.0,0.0
0x22f105c8083419910f0da05d578c6982b6db2f5e,6,,0.0,0.0,0.0,0.0,0.0,0.0,0.0
0xa7c6a3c3e6239b68a40c998c958489d03e66707a,6,,0.0,0.0,0.0,0.0,0.0,0.0,0.0
0x0a4b7ca4fa9fb9a8aebf74c5c6b335bcaa86d5b4,6,,0.0,0.0,0.0,0.0,0.0,0.0,0.0
0x3ee2b4fabb6448bde715cc7514ec74ba42109521,6,,0.0,0.0,0.0,0.0,0.0,0.0,0.0
0xf49b0ff2ba86e499caaf55e3bf66f96835dc217d,6,,0.0,0.0,0.0,0.0,0.0,0.0,0.0
0x5c76adbf4f1716801320b312394dfd5ec3cda8f4,6,,0.0,0.0,0.0,0.0,0.0,0.0,0.0
0xebf5c1b9ecbece407ba366aedf7907288937276c,6,,0.0,0.0,0.0,0.0,0.0,0.0,0.0
0xf4c308a076c5ded0694fb1e90a35dbcd5141a908,6,,0.0,0.0,0.0,0.0,0.0,0.0,0.0
0x36d1d1ed72b65777a4a76bf9991ac5de2f62fe66,6,,0.0,0.0,0.0,0.0,0.0,0.0,0.0
0x3ea6f0ab9b8b906fd7c4ac71d8fdedfe31e0bb73,6,,0.0,0.0,0.0,0.0,0.0,0.0,0.0
0x377bb237b95c189cac130bcf8145f85ff629a2cc,6,,0.0,0.0,0.0,0.0,0.0,0.0,0.0
0x5c656df2c0fe7cc7b46c3d58c2d05477043c46db,6,,0.0,0.0,0.0,0.0,0.0,0.0,0.0
0x06973691cc2301aab8cbcecaf206d30818bc5153,6,,0.0,0.0,0.0,0.0,0.0,0.0,0.0
0xe1d80a4ca39e4b5158736644cc9fac89a4cc983b,6,,0.0,0.0,0.0,0.0,0.0,0.0,0.0
0x141055c9edc8c936de8c5943fad0194641f2a7a4,6,,0.0,0.0,0.0,0.0,0.0,0.0,0.0
0xb80e9f6e1cd7dbd066e2e043cc45deb3a969784a,6,,0.0,0.0,0.0,0.0,0.0,0.0,0.0
0xd9bc7671eb77381b46728d4a32857b4987725282,6,,0.0,0.0,0.0,0.0,0.0,0.0,0.0
0x12236604bf626b2e684bc70cb81f80a8e35d1ada,6,,0.0,0.0,0.0,0.0,0.0,0.0,0.0
0xec58fdd54cf958bd2d80e1bebf385ff285d6e47c,6,,0.0,0.0,0.0,0.0,0.0,0.0,0.0
0xcb580cf2ef09374444a1057475a8bd6af4a5a442,6,2197709.0,0.0,0.0,0.0,0.0,0.0,0.0,0.0
0x4101ce19ee81f24da894976e585f1e79119dbd93,6,,0.0,0.0,0.0,0.0,0.0,0.0,0.0
0x23d43537a06d4542bf7a29ab43852ccf87d56e02,6,,0.0,0.0,0.0,0.0,0.0,0.0,0.0
0xe0a528febb85390bc45edd09cafe8f02b8c8359e,6,,0.0,0.0,0.0,0.0,0.0,0.0,0.0
0x0d98c3747252127196318e96195f996aa326bde6,6,,0.0,0.0,0.0,0.0,0.0,0.0,0.0
0x0898b54fbba3296d7c4ac58db87d09fa4cda0896,6,2233179.0,0.0,0.0,0.0,0.0,0.0,0.0,0.0
0x6e57441aff3cc1f6a338ce1816d5b704cb978591,6,,0.0,0.0,0.0,0.0,0.0,0.0,0.0
0x9266865bb6afb4c4f618544dd3b8c970f17aa664,6,1673499.0,0.0,0.0,0.0,0.0,0.0,0.0,0.0
0x17dfc63e812e4df1e0ec3f22b55fd902459686c8,6,,0.0,0.0,0.0,0.0,0.0,0.0,0.0
0x2a11b1721fd2071d114732b510525c84ab429bce,6,492661.0,0.0,0.0,0.0,0.0,0.0,0.0,0.0
0xd51b48fa7b9c4e408aa42eb7ad0b87ce73110d9e,6,,0.0,0.0,0.0,0.0,0.0,0.0,0.0
0x316e8cce9b110689ef44971f4927a4f03c1bd3a4,6,,0.0,0.0,0.0,0.0,0.0,0.0,0.0
0x5174d4869d7b35a01bd48710b71c45e8bd7cc54f,6,1232926.0,0.0,0.0,0.0,0.0,0.0,0.0,0.0
0xfd19f0d48bbcb79f0de4f9ed08bc8270dc764c98,6,,0.0,0.0,0.0,0.0,0.0,0.0,0.0
0xd3fcada4c18d60333abf066a11b3360d81f1eca5,6,1989324.0,0.0,0.0,0.0,0.0,0.0,0.0,0.0
0xaa117b15f969c8c36f00b95859ed74c44cb96b4e,6,,0.0,0.0,0.0,0.0,0.0,0.0,0.0
0x3b733858236a5ac23f16fa015922bcd8fbc3bcbe,6,,0.0,0.0,0.0,0.0,0.0,0.0,0.0
0x000000209e0a892842bc06c354e7d097392cbbbb,6,,0.0,0.0,0.0,0.0,0.0,0.0,0.0
0xaf86c6533a6d76d1cd820da8a39f52f5b47b9cac,6,,0.0,0.0,0.0,0.0,0.0,0.0,0.0
0x388c8692f8332d455c1a45ae1bbc9ef3c13b82e0,6,,0.0,0.0,0.0,0.0,0.0,0.0,0.0
0x21ee4b39f27afcaa6462d84bd904497f44411c5e,6,,0.0,0.0,0.0,0.0,0.0,0.0,0.0
0xfad70a7b8ed5407155994e55122c209e8bfe0b9c,6,,0.0,0.0,0.0,0.0,0.0,0.0,0.0
0x79b640df03d3f9ed5198a5ff8d0ae3d6d748ca6b,6,567602.0,0.0,0.0,0.0,0.0,0.0,0.0,0.0
0xffe2757cc8939cfe376eff05e37a3e91f9b85d8f,6,,0.0,0.0,0.0,0.0,0.0,0.0,0.0
0xd05c53fa4da475a8159c8f3b6a4559547f4f6ced,6,,0.0,0.0,0.0,0.0,0.0,0.0,0.0
0x9114a5161f18739ced233190861ea275c8b3a99b,6,,0.0,0.0,0.0,0.0,0.0,0.0,0.0
0x5a7158fdf77b77d0772d3ed26a785e3d211a3865,6,,0.0,0.0,0.0,0.0,0.0,0.0,0.0
0x207cb5bb4e406e5eda29768e754c5c5c744f9b30,6,,0.0,0.0,0.0,0.0,0.0,0.0,0.0
0xee772e29e31b9972e1b683b04944bd9937ac0304,6,2028565.0,0.0,0.0,0.0,0.0,0.0,0.0,0.0
0x8a590dc1d387fb87191bd69a1450bfeb6e490bcd,6,,0.0,0.0,0.0,0.0,0.0,0.0,0.0
0x977038bf219a3dc5f0eeef1d3cdaee1a78627650,6,2219598.0,0.0,0.0,0.0,0.0,0.0,0.0,0.0
0x31242c27aa8e50d9ad00049dbe4a3d0b46a89e8a,6,,0.0,0.0,0.0,0.0,0.0,0.0,0.0
0x8210bc9a67a96ef5ab1a11b6ead6638ce4779b0a,6,,0.0,0.0,0.0,0.0,0.0,0.0,0.0
0x1918fbc5ab2205e7bc391d250fcfff4e830ce053,6,2331579.0,0.0,0.0,0.0,0.0,0.0,0.0,0.0
0x4cc390eada38741fe9c77036b7c38537fb5f38ea,6,,0.0,0.0,0.0,0.0,0.0,0.0,0.0
0x953c9fea725ed4ae0ba59301ba88fe799479ef1a,6,,0.0,0.0,0.0,0.0,0.0,0.0,0.0
0xb4b8ba15628f2ea20b2b94a759996b3a4caf4395,6,,0.0,0.0,0.0,0.0,0.0,0.0,0.0
0x872d3fb74cb230faf1746b4e66971551a010ba6d,6,,0.0,0.0,0.0,0.0,0.0,0.0,0.0
0xeb1bfe65c95f40ff9278df36b300ef8c6c23b5e6,6,,0.0,0.0,0.0,0.0,0.0,0.0,0.0
0x0c27089de825ad791d468c39c828c8c061518864,6,,0.0,0.0,0.0,0.0,0.0,0.0,0.0
0x7239fb23d3a691aa95db1b4effe2cabd939c9b7e,6,,0.0,0.0,0.0,0.0,0.0,0.0,0.0
0x586406f3915f608382a026e410db7a5125ae1ee5,6,,0.0,0.0,0.0,0.0,0.0,0.0,0.0
0x2b8efd3f4f992840006d13e3f111d79a35682fe6,6,1183043.0,0.0,0.0,0.0,0.0,0.0,0.0,0.0
0x588d9abc8adbd21eadd081bcf53c03d2281f078e,5,,0.0,0.0,0.0,0.0,0.0,0.0,0.0
0xc1d8b546b373a37c9903ccc673ee1b4c4a133ddb,5,,0.0,0.0,0.0,0.0,0.0,0.0,0.0
0x70445450aa983987a2ebcf64e7c2b3374cfbd3e2,5,492250.0,0.0,0.0,0.0,0.0,0.0,0.0,0.0
0xea3695dbbacc903f0a3616d49a05dc9b829309f9,5,,0.0,0.0,0.0,0.0,0.0,0.0,0.0
0x2eff1553e5233dc895789c4f0f7dd70f75df1188,5,,0.0,0.0,0.0,0.0,0.0,0.0,0.0
0xe80a6a7b4fdadf0aa59f3f669a8d394d1d4da86b,5,,0.0,0.0,0.0,0.0,0.0,0.0,0.0
0x7c15e5b2063214d29e03b4015f28c1674f6ebe05,5,,0.0,0.0,0.0,0.0,0.0,0.0,0.0
0x1fe659057923970bdded59caa61fe73add548517,5,,0.0,0.0,0.0,0.0,0.0,0.0,0.0
0x395d08d31dcb8ac89f17082b10ec0454570003e4,5,,0.0,0.0,0.0,0.0,0.0,0.0,0.0
0x7050a9abd4f06372247d19c39e5d718636f35fff,5,,0.0,0.0,0.0,0.0,0.0,0.0,0.0
0xfba30c4a12ea4503919d09d533bcc1f3b211c404,5,,0.0,0.0,0.0,0.0,0.0,0.0,0.0
0xff177e6eab3c67609aebc665186b8098bb9e1a0a,5,,0.0,0.0,0.0,0.0,0.0,0.0,0.0
0xd413bb7069dca803fce35eea55fe49c778268763,5,,0.0,0.0,0.0,0.0,0.0,0.0,0.0
0x0b4cc2f7a4efd8391722dc0ceda819acb9f7beba,5,,0.0,0.0,0.0,0.0,0.0,0.0,0.0
0x17d28dfc8b8893ffcf1b60cfba7c58b07cc1585a,5,,0.0,0.0,0.0,0.0,0.0,0.0,0.0
0x0a0a187b7799538021ea0492a277b29501569df9,5,,0.0,0.0,0.0,0.0,0.0,0.0,0.0
0x4d071b49c73328563d5bdc54279d57d2d183c504,5,,0.0,0.0,0.0,0.0,0.0,0.0,0.0
0xca163b98cbc2ad5b08b01ae7bcb4bef68b9161ad,5,2278804.0,0.0,0.0,0.0,0.0,0.0,0.0,0.0
0x089913fe8d1ae4c4ee08b1789f45f664cb632846,5,490307.0,0.0,0.0,0.0,0.0,0.0,0.0,0.0
0xf582a7c87888714ca875a70b0971f55bde6eb148,5,,0.0,0.0,0.0,0.0,0.0,0.0,0.0
0x79a2b3debefacc1f4a76249e7b1b54e57392dd3b,5,842501.0,0.0,0.0,0.0,0.0,0.0,0.0,0.0
0xc799df4baa69044f59a3711f180a31e352829ba3,5,2252114.0,0.0,0.0,0.0,0.0,0.0,0.0,0.0
0x1469291fb5aede07a1540b0f59025674bb5b6e31,5,,0.0,0.0,0.0,0.0,0.0,0.0,0.0
0x878836708b509390d1453ad63688f88950335596,5,,0.0,0.0,0.0,0.0,0.0,0.0,0.0
0x25c2af0a3b330abe23f1cb8ed702c204509e0cf1,5,1689823.0,0.0,0.0,0.0,0.0,0.0,0.0,0.0
0x18cde66120c9195fb6e50a4b1e13bce4c85d1300,5,2203946.0,0.0,0.0,0.0,0.0,0.0,0.0,0.0
0x387e9a79848156abe63d9fda1aeb8d6779e20d16,5,,0.0,0.0,0.0,0.0,0.0,0.0,0.0
0xb3db635b3a0a6beb798735b2612ece1dfdd474c3,5,,0.0,0.0,0.0,0.0,0.0,0.0,0.0
0x1764dd740aba4195643bbb6a44648e0306b00cfa,5,,0.0,0.0,0.0,0.0,0.0,0.0,0.0
0xa54e0ec5f263ba19cb4ca301874ff866f05bf96e,5,2234977.0,0.0,0.0,0.0,0.0,0.0,0.0,0.0
0x6b03361ed8137dc2ee5ff88fc968398b993cff4b,5,1886181.0,0.0,0.0,0.0,0.0,0.0,0.0,0.0
0x3dd7cac1a7bc4b8c40af140e18dbfdcfb9e73a62,5,,0.0,0.0,0.0,0.0,0.0,0.0,0.0
0x555f32e9255d777346d45b60ef647dcdbe2c2b68,5,,0.0,0.0,0.0,0.0,0.0,0.0,0.0
0x3b3d9656b93d21729e15e0bc3566dd4fd1e5b464,5,,0.0,0.0,0.0,0.0,0.0,0.0,0.0
0x2f5d1df0c96925a2b75f8fa1c4d5b09a6f6dbdb5,5,,0.0,0.0,0.0,0.0,0.0,0.0,0.0
0xe41aa443bad860e6b584060cc365b58dc34caf92,5,,0.0,0.0,0.0,0.0,0.0,0.0,0.0
0x285ba22ef09d2169304b837cc1d0d6c37c4b08a6,5,,0.0,0.0,0.0,0.0,0.0,0.0,0.0
0x3320feaa39c7c983d7c9220bb0f9460a6f358ab5,5,,0.0,0.0,0.0,0.0,0.0,0.0,0.0
0xd52cdf1414351d2c37cfe60a62dde69256044ce0,5,,0.0,0.0,0.0,0.0,0.0,0.0,0.0
0x198625a1a39fba30bf01c7007082a5ec1cfb2cb4,5,,0.0,0.0,0.0,0.0,0.0,0.0,0.0
0x1abd35a5183aca3291f05353a6af3b4409603a8f,5,,0.0,0.0,0.0,0.0,0.0,0.0,0.0
0xc1c4a78ffe8865ea759731dd2a40360d063dab7f,5,,0.0,0.0,0.0,0.0,0.0,0.0,0.0
0x01c80f69cb27ff10506df825cff859ffc8721eb2,5,,0.0,0.0,0.0,0.0,0.0,0.0,0.0
0x35d295507d0b08e939c82eae78a4242db18c2458,5,,0.0,0.0,0.0,0.0,0.0,0.0,0.0
0x97fa3e18ddd29a43c070c1da31ade721045d1fa0,5,,0.0,0.0,0.0,0.0,0.0,0.0,0.0
0x741b92cba70bd5765c1e265333c5a86f3a66aafb,5,,0.0,0.0,0.0,0.0,0.0,0.0,0.0
0xb1c7ffe23dc80bb9e16674345b9685f8376d7f74,5,,0.0,0.0,0.0,0.0,0.0,0.0,0.0
0xd9a1ed9aac149bf9bd655f9b9ddecf9bd04316b3,5,,0.0,0.0,0.0,0.0,0.0,0.0,0.0
0x6e435daa38eb2be1f4a0dde01fb096fb46dd8acc,5,,0.0,0.0,0.0,0.0,0.0,0.0,0.0
0x27434724720f5988e30f441cabeca4e1502ad52f,5,,0.0,0.0,0.0,0.0,0.0,0.0,0.0
0xbc04279d0f07277f742b8ff0ac595b3744c56646,5,,0.0,0.0,0.0,0.0,0.0,0.0,0.0
0xbf70a5793c451b730c0829fde942bb98f3cf530f,5,,0.0,0.0,0.0,0.0,0.0,0.0,0.0
0x079a6b2324b98cd5b4a003562346b622ce602c7b,5,1748368.0,0.0,0.0,0.0,0.0,0.0,0.0,0.0
0x6be121b7100c1f89040d4a334d2e87d0791a37c2,5,,0.0,0.0,0.0,0.0,0.0,0.0,0.0
0x5e1ab6b667645b478e79a5094fdc6f7e673bcb9c,5,,0.0,0.0,0.0,0.0,0.0,0.0,0.0
0x1840bdb83caff17de910ec407cafb817678786b5,5,,0.0,0.0,0.0,0.0,0.0,0.0,0.0
0xf0d4d2df235e2ab478c5d99c7e2d416a47c47de9,5,1253028.0,0.0,0.0,0.0,0.0,0.0,0.0,0.0
0xf5b5e93b6927b89521f442991b5db937c771890c,5,,0.0,0.0,0.0,0.0,0.0,0.0,0.0
0xc37d58a86110db1e8090a500404323eb7efe67de,5,,0.0,0.0,0.0,0.0,0.0,0.0,0.0
0xdcb36b03262922481d03234b39675134db04acaa,5,,0.0,0.0,0.0,0.0,0.0,0.0,0.0
0x420ab45e0bd8863569a5efbb9c05d91f40624641,5,,0.0,0.0,0.0,0.0,0.0,0.0,0.0
0xb3d4fdaa7d9eab92fa0a1fe58035af403635cb8f,5,,0.0,0.0,0.0,0.0,0.0,0.0,0.0
0xbbdbd3053f9e47314b71844064e7ef66b1bd70a7,5,,0.0,0.0,0.0,0.0,0.0,0.0,0.0
0xb4d96c7387a45fa2cb170fa1436a86640ab00eb1,5,,0.0,0.0,0.0,0.0,0.0,0.0,0.0
0x23118116921d4e65b425a029059e8687cd7a182c,5,,0.0,0.0,0.0,0.0,0.0,0.0,0.0
0xe2d2dbae54981833479038c70425e1e3ce6680ec,5,2129875.0,0.0,0.0,0.0,0.0,0.0,0.0,0.0
0x182963fead8f75eb623a48b683a27370d0569b41,5,,0.0,0.0,0.0,0.0,0.0,0.0,0.0
0xcb7b6dd3b61c438746d998a4237d7c4cb4eb1efe,5,,0.0,0.0,0.0,0.0,0.0,0.0,0.0
0xb25b1b047a203e9a87399c34a6caef8703779bb5,5,,0.0,0.0,0.0,0.0,0.0,0.0,0.0
0x0af66f3571761d7196b713ff881609d7e7456fe1,5,,0.0,0.0,0.0,0.0,0.0,0.0,0.0
0xd559b4ab4a784ef291a85910493aec8fcaf47336,5,,0.0,0.0,0.0,0.0,0.0,0.0,0.0
0x9e8e598079635d556bcfd6ce4f028f6de549c7e5,5,,0.0,0.0,0.0,0.0,0.0,0.0,0.0
0x4e392979ee85cee3d83da607e609ca3524239aae,5,,0.0,0.0,0.0,0.0,0.0,0.0,0.0
0xc271daeb268eee8a5fd54bd78c1825701c856ce2,5,,0.0,0.0,0.0,0.0,0.0,0.0,0.0
0xe845a64258bac6c7adbd6dc74949abd5de8a3785,5,,0.0,0.0,0.0,0.0,0.0,0.0,0.0
0x0d58586a54a1b2070677f898acebb8317e24e1c2,5,2251634.0,0.0,0.0,0.0,0.0,0.0,0.0,0.0
0x32253bc119626eea50dfbdc28e1516e0959c5dd1,5,1125765.0,0.0,0.0,0.0,0.0,0.0,0.0,0.0
0x009c22055ee7277586d57443e11822fcaa511da8,5,,0.0,0.0,0.0,0.0,0.0,0.0,0.0
0xb7789ab9f0d568e0aa5469e3cc8eff8682fc8673,5,1818826.0,0.0,0.0,0.0,0.0,0.0,0.0,0.0
0xecd227b51328faba79c951da9f5e582387b7f89f,5,,0.0,0.0,0.0,0.0,0.0,0.0,0.0
0xac590280e31c7ada61a8c9ea84a119326786cfa8,5,,0.0,0.0,0.0,0.0,0.0,0.0,0.0
0x27a333a11a8cc8545a76ba1d36a23742c2f4b97c,5,,0.0,0.0,0.0,0.0,0.0,0.0,0.0
0x5405450cae1b86581f017d1c35ad954d8703f802,5,,0.0,0.0,0.0,0.0,0.0,0.0,0.0
0x5c3f8fdc2c99cd27576f36d13446f33c58e67a24,5,,0.0,0.0,0.0,0.0,0.0,0.0,0.0
0x30386e69cc0ecde6a42624b9842abd663b9df848,5,,0.0,0.0,0.0,0.0,0.0,0.0,0.0
0xdfee2d4f729723aed67eed4bfb7a998dbb4294c0,5,,0.0,0.0,0.0,0.0,0.0,0.0,0.0
0xc4b4d58b7c5838efe8034b28c5eb6b64e33cc189,5,,0.0,0.0,0.0,0.0,0.0,0.0,0.0
0x775d1a27196fb68b1ba8d9f84690b1069237a2d5,5,,0.0,0.0,0.0,0.0,0.0,0.0,0.0
0xd1bdd2f642d166311928810ad6abc4196364273f,5,,0.0,0.0,0.0,0.0,0.0,0.0,0.0
0x026a2e082a03200a00a97974b7bf7753ce33540f,5,,0.0,0.0,0.0,0.0,0.0,0.0,0.0
0x5a301bc184148a77dfac7231987d3824a5d741a5,5,,0.0,0.0,0.0,0.0,0.0,0.0,0.0
0xd537bbd26e3e949dd1e11a98e4e650fc45c2ee26,5,,0.0,0.0,0.0,0.0,0.0,0.0,0.0
0xa74cc593ee259c18d33cf90d1f5ac4ef3ee22c47,5,,0.0,0.0,0.0,0.0,0.0,0.0,0.0
0xcee6cacc619c1d9ce0bb5d5571dc2fd671d7baa6,5,,0.0,0.0,0.0,0.0,0.0,0.0,0.0
0x676a372a736eb24078c310d7a041301d0e6a0146,5,,0.0,0.0,0.0,0.0,0.0,0.0,0.0
0x064829530bed9f2fc1a2ffd9cee33d8904cea199,5,,0.0,0.0,0.0,0.0,0.0,0.0,0.0
0x02ebdde238783de7f9c60bb269e1446a3e0262b8,5,,0.0,0.0,0.0,0.0,0.0,0.0,0.0
0x291e9a61ae99c78502327a74e44bae12d69cb9dd,5,,0.0,0.0,0.0,0.0,0.0,0.0,0.0
0x7e1ff3ba825e0e4e78a8e1522f93605273ade495,5,,0.0,0.0,0.0,0.0,0.0,0.0,0.0
0x50c18877c579d3337d74986649b6d27c4da062f0,5,,0.0,0.0,0.0,0.0,0.0,0.0,0.0
0xd0b709249b6b6b5ec6957e7ca6fa2d2aab802e71,5,,0.0,0.0,0.0,0.0,0.0,0.0,0.0
0xad421c2276502b40e73b9322e2d0892a3adfaa11,5,,0.0,0.0,0.0,0.0,0.0,0.0,0.0
0x8ff51283cfef6774a5d3fb472b2fab047aef2b34,5,,0.0,0.0,0.0,0.0,0.0,0.0,0.0
0x2a392deb5e006346eb3f0d7c67bc054fed5a3825,5,,0.0,0.0,0.0,0.0,0.0,0.0,0.0
0xb7b6654268d045b8e0393ec754de2bb6e4ff339b,5,,0.0,0.0,0.0,0.0,0.0,0.0,0.0
0xdb63d8d9fe8a6bde163080b32d2fddaa4431b95c,5,,0.0,0.0,0.0,0.0,0.0,0.0,0.0
0xa8fd083e033f09000b07a5c6a0e1b7d51611c728,5,,0.0,0.0,0.0,0.0,0.0,0.0,0.0
0xf431b440cb2d7e14f805581f7cd94bd1b09b8441,5,,0.0,0.0,0.0,0.0,0.0,0.0,0.0
0x6ae51b0b90eb68da27b0ab33ae1df01d51fc3fd9,5,,0.0,0.0,0.0,0.0,0.0,0.0,0.0
0x7a65a203e1405521cc5729034d24e3c65eccdd0c,5,,0.0,0.0,0.0,0.0,0.0,0.0,0.0
0xc50688adc2d96d63b902d72dd37d9dee2c072957,5,,0.0,0.0,0.0,0.0,0.0,0.0,0.0
0xa8ca0d83a1739ee4fee0d9c9d8c419f1d1ed1c2f,5,,0.0,0.0,0.0,0.0,0.0,0.0,0.0
0x386c7c17462bf0cb28fa865d0107ac7b38271071,5,,0.0,0.0,0.0,0.0,0.0,0.0,0.0
0xd61d9f7f7658f6ccce81bb6444f67efc7658ee2f,5,,0.0,0.0,0.0,0.0,0.0,0.0,0.0
0x1b9ebbd37fdf1bc2337d6d84a2a9888070a6a111,5,,0.0,0.0,0.0,0.0,0.0,0.0,0.0
0x6455762f6ddbf354cc783c2c98b5001b4b5e55d7,5,,0.0,0.0,0.0,0.0,0.0,0.0,0.0
0xd4dd9072aeb70e904ad2c570de74203fe5d7ab60,5,,0.0,0.0,0.0,0.0,0.0,0.0,0.0
0x6479c04965a0f157461d6bd3f3670475f68aa94e,5,,0.0,0.0,0.0,0.0,0.0,0.0,0.0
0x615f9484c8f46ca4fd4d2c0291c42661043a3d87,5,,0.0,0.0,0.0,0.0,0.0,0.0,0.0
0xc706c87bcdc12747b8a7882dd047dc280b44d30e,5,1726318.0,0.0,0.0,0.0,0.0,0.0,0.0,0.0
0x20faffd0045455e86b36b827d68f8f99f9c929b4,5,1357738.0,0.0,0.0,0.0,0.0,0.0,0.0,0.0
0x0bdde0268f4f20fc52b8ff40004634ec35de5128,5,,0.0,0.0,0.0,0.0,0.0,0.0,0.0
0x165adc01d58af445dbf864f506dde18bd5b0460f,5,,0.0,0.0,0.0,0.0,0.0,0.0,0.0
0xdcf62e95047082885350115ac00e94e8b134ea27,5,,0.0,0.0,0.0,0.0,0.0,0.0,0.0
0x8a57e2665c8aabfb29466e0d2817abb86bbb8080,5,,0.0,0.0,0.0,0.0,0.0,0.0,0.0
0x32147692507bb2d22b5d7d756c165d28eb820e1e,5,,0.0,0.0,0.0,0.0,0.0,0.0,0.0
0x7ff9f076d6bc767b95cef0822931a616122aa218,5,,0.0,0.0,0.0,0.0,0.0,0.0,0.0
0x864f459fdfaf284d5462d6e72f1283d553007687,5,,0.0,0.0,0.0,0.0,0.0,0.0,0.0
0x7133d6fe2c718cd5cdca092db3f011c8ea7242d7,5,,0.0,0.0,0.0,0.0,0.0,0.0,0.0
0xfe252780e8af711d3edbba0991263859410759a0,5,,0.0,0.0,0.0,0.0,0.0,0.0,0.0
0xe418f4c75310cfc5dc929455a9275edcaf48f282,5,,0.0,0.0,0.0,0.0,0.0,0.0,0.0
0x36cb4a39bd08b87b227af5f435c9ce2ad85d9bdd,5,1601035.0,0.0,0.0,0.0,0.0,0.0,0.0,0.0
0x4fbf0b62bbe2b84ab4f25ed7a7b41698cb14fb63,5,,0.0,0.0,0.0,0.0,0.0,0.0,0.0
0x0fc97461e02454e397a2e3c1ff228ea3373ffd47,5,,0.0,0.0,0.0,0.0,0.0,0.0,0.0
0x7c542bc686c47e7f6f77dc807024540085343e21,5,,0.0,0.0,0.0,0.0,0.0,0.0,0.0
0xadef6b10893e9cf9a94cf054cf77ad1a8e46499c,5,,0.0,0.0,0.0,0.0,0.0,0.0,0.0
0xb63c9903d0118c7909d353d13d2ab1c10ee52b2a,5,,0.0,0.0,0.0,0.0,0.0,0.0,0.0
0x73e5c11a8a9820afb1a25aa89787ba025b84e60e,5,,0.0,0.0,0.0,0.0,0.0,0.0,0.0
0xc30b2b704477affc7a54f8c4c2f3a0a3b94556b0,5,,0.0,0.0,0.0,0.0,0.0,0.0,0.0
0x3a17cb59d1d99438ca41fc5299d91a47b5caf4b9,5,,0.0,0.0,0.0,0.0,0.0,0.0,0.0
0x5af1de25e6a967a8bacdd7ee9e681474d72c1a1a,5,,0.0,0.0,0.0,0.0,0.0,0.0,0.0
0xa73f98172b1b7bbf84a43c9d669f3c2cbc6a326e,5,,0.0,0.0,0.0,0.0,0.0,0.0,0.0
0xb1ccdb4c28fe323ccf0ac7c801f5add732c0a7f8,5,,0.0,0.0,0.0,0.0,0.0,0.0,0.0
0x05a7eec5b673f03dc093281ce1fb2c8848f3de13,5,,0.0,0.0,0.0,0.0,0.0,0.0,0.0
0x6804e8eb416ebafd9834a728c3d74d0097f55ef8,5,,0.0,0.0,0.0,0.0,0.0,0.0,0.0
0xab625f3216f1c209a1c069b29491c3009f258292,5,1603538.0,0.0,0.0,0.0,0.0,0.0,0.0,0.0
0x4e9b3f794a570ae4c38224dc56b3a4518284db79,5,,0.0,0.0,0.0,0.0,0.0,0.0,0.0
0x0570b4dbd9207d77329fe91ec880c3a7b6191d74,5,,0.0,0.0,0.0,0.0,0.0,0.0,0.0
0xfd944c3ef64bf4ddb648f2b64860d3a7a5d8b5eb,5,,0.0,0.0,0.0,0.0,0.0,0.0,0.0
0x19cd0cea5e682a0e0040081157532e20766d5bd1,5,,0.0,0.0,0.0,0.0,0.0,0.0,0.0
0xb40d914febf8e3802ac3ffc52ccb7fea91cba998,5,,0.0,0.0,0.0,0.0,0.0,0.0,0.0
0x61798660660111b71c46d7a1d6316cffcd5adefa,5,,0.0,0.0,0.0,0.0,0.0,0.0,0.0
0xacdd3852678f8de492007f34e9852c3f568652b2,5,,0.0,0.0,0.0,0.0,0.0,0.0,0.0
0x97c718a10968ee96a19f0a1da8253e5c3cc17d94,5,,0.0,0.0,0.0,0.0,0.0,0.0,0.0
0x2fa5e9262e3b0998641790304620477fc4bc2155,5,,0.0,0.0,0.0,0.0,0.0,0.0,0.0
0xeb66e7f5b45ca0c8dffc3d9cbd356094daabe14d,5,,0.0,0.0,0.0,0.0,0.0,0.0,0.0
0xd6c8d66920f450ef6603acf7560b958dc51b03cb,5,,0.0,0.0,0.0,0.0,0.0,0.0,0.0
0xc5a6d6c79eb7f68ab9a331921e872102a0039b26,5,,0.0,0.0,0.0,0.0,0.0,0.0,0.0
0x14cc71a82c326ddb9b6cf92693f8a261ea827a95,5,,0.0,0.0,0.0,0.0,0.0,0.0,0.0
0x59ee8502c7537c923c873fbb79f42d1b823c12fc,5,,0.0,0.0,0.0,0.0,0.0,0.0,0.0
0xca61cbfe092c5362c6da07281d01f0e502cf725b,5,,0.0,0.0,0.0,0.0,0.0,0.0,0.0
0x3fad197f4aada541edd4d03f20a9f71ba9ed9cb4,5,,0.0,0.0,0.0,0.0,0.0,0.0,0.0
0xc0814f970ad84f129c7cc12860c3c013dff0c74c,5,,0.0,0.0,0.0,0.0,0.0,0.0,0.0
0x76c395aa35d307da91a0589bdc721efd9203f270,5,,0.0,0.0,0.0,0.0,0.0,0.0,0.0
0xdd06a1f079a0148985a0afbda8e3b62fc9ebc0e2,5,,0.0,0.0,0.0,0.0,0.0,0.0,0.0
0x73bd851a57ec9e656d5e59b3ffaa03ad90b970bb,5,,0.0,0.0,0.0,0.0,0.0,0.0,0.0
0x44685f6bce8c120061ba6bbf7f144c76e83f1aa9,5,,0.0,0.0,0.0,0.0,0.0,0.0,0.0
0xd9012a0c82242b04ee09e45e98b24903f982d975,5,491865.0,0.0,0.0,0.0,0.0,0.0,0.0,0.0
0x0ddde365cdff6b4827d2f7d0c66f8c99b18f6e54,5,304599.0,0.0,0.0,0.0,0.0,0.0,0.0,0.0
0x9cde2b9d159036d49a9cb98d0560efc928c139d0,5,1867520.0,0.0,0.0,0.0,0.0,0.0,0.0,0.0
0xaa3747dc68e3bdcce2b12cecd3ee3f88c175b74f,5,2222031.0,0.0,0.0,0.0,0.0,0.0,0.0,0.0
0x58f0215e0c0d54a0e0dbda37994d31d2ee210fe7,5,,0.0,0.0,0.0,0.0,0.0,0.0,0.0
0x94a5a5191db573fb2e301c83a2219f79b544ed56,5,,0.0,0.0,0.0,0.0,0.0,0.0,0.0
0xeabe1eecbf9ce1300a3573346956c6c9014a9acb,5,,0.0,0.0,0.0,0.0,0.0,0.0,0.0
0xda2ec5ad9b89fb663f2a7e5eb3149570e2e59362,5,1062957.0,0.0,0.0,0.0,0.0,0.0,0.0,0.0
0xee12f0a189e5978ff7d9451f80bf48edde49be03,5,,0.0,0.0,0.0,0.0,0.0,0.0,0.0
0x0e568dfa34633be21cd0f3f9ae583fb5b48eb03e,5,,0.0,0.0,0.0,0.0,0.0,0.0,0.0
0x16f39d631d22d805fc8e249e7ce51158864814f0,5,,0.0,0.0,0.0,0.0,0.0,0.0,0.0
0x5e2b81d8781a3c60bf83339875e171d82d4ba7f3,5,,0.0,0.0,0.0,0.0,0.0,0.0,0.0
0xc915ada00dc93a4a3bd2d4d646f9b1f159c17010,5,,0.0,0.0,0.0,0.0,0.0,0.0,0.0
0x995f423f77228b9889a7288795daa3f82ae8baf2,5,,0.0,0.0,0.0,0.0,0.0,0.0,0.0
0xb4a781a9de9109775b46452d2397b3b410dc681d,5,,0.0,0.0,0.0,0.0,0.0,0.0,0.0
0x4e30510af1cb3ad3273cfe2691107cba77bdf62b,5,,0.0,0.0,0.0,0.0,0.0,0.0,0.0
0x9b67ea56143e3480d161ecb643abf1d33cc013b3,5,,0.0,0.0,0.0,0.0,0.0,0.0,0.0
0xf7cc171cae0421a277a35f64f95169694f182404,5,,0.0,0.0,0.0,0.0,0.0,0.0,0.0
0x9a630adab65aa1901827f49dbb1347fd2e1a2086,5,,0.0,0.0,0.0,0.0,0.0,0.0,0.0
0x2af681d50d6cd6214152223a18b0fef7ac19a27d,5,,0.0,0.0,0.0,0.0,0.0,0.0,0.0
0x98216dff12ec040050add6c8f9576aa53a99c192,5,,0.0,0.0,0.0,0.0,0.0,0.0,0.0
0xfa8a8981cab3a895ef0a6cadaed2b48eeb2e5993,5,,0.0,0.0,0.0,0.0,0.0,0.0,0.0
0x853539404228868d5b9ac563b025c5e7f70d629e,5,,0.0,0.0,0.0,0.0,0.0,0.0,0.0
0x24dfc5d0f2fe1d6a933e60d1b592c43b323d06ed,5,,0.0,0.0,0.0,0.0,0.0,0.0,0.0
0xd9c9aa88a5328e6ea25c1ca4afe653fcae406fb0,5,,0.0,0.0,0.0,0.0,0.0,0.0,0.0
0x85035c4657928c76a8514c0accd6aa24b340f963,5,,0.0,0.0,0.0,0.0,0.0,0.0,0.0
0x7d0edf01cbac233fcf5aacab3b57000dd8d45618,5,,0.0,0.0,0.0,0.0,0.0,0.0,0.0
0xad73dedfe62d3c0c88e11a962fa18516c2bc2701,5,,0.0,0.0,0.0,0.0,0.0,0.0,0.0
0x994649b6f14e340c2878885d2e9d90bfd4ee8aae,5,,0.0,0.0,0.0,0.0,0.0,0.0,0.0
0x61c95c676dc2bfc1f9d69b8a7661c5d26b618168,5,,0.0,0.0,0.0,0.0,0.0,0.0,0.0
0xce35e3a655d7c571bf77830e25d8d1ce1bc416c2,5,,0.0,0.0,0.0,0.0,0.0,0.0,0.0
0xbcf2b7f657b8b98a5c5f0d56f3260a98b1392d27,5,,0.0,0.0,0.0,0.0,0.0,0.0,0.0
0xcf4a79a68649b3942e3a74c24d6f89133f1f9955,5,,0.0,0.0,0.0,0.0,0.0,0.0,0.0
0x658509b8cafe9f745f095aedae78768b61a021d7,5,,0.0,0.0,0.0,0.0,0.0,0.0,0.0
0xf46f179ad48e5f2a69f35f95040d9ab3a224a321,5,2048118.0,0.0,0.0,0.0,0.0,0.0,0.0,0.0
0xcf5ad8865d417a450ceae80a1c3e3929ee0ad114,5,,0.0,0.0,0.0,0.0,0.0,0.0,0.0
0x1e93312636fa13f2430b95bd264714eb1e562cb2,5,,0.0,0.0,0.0,0.0,0.0,0.0,0.0
0x35aa6e76317999754ed49dbc33ab13ea424c3f76,5,,0.0,0.0,0.0,0.0,0.0,0.0,0.0
0x995cc1baaec63bf2279190489f1fb30330712fae,5,,0.0,0.0,0.0,0.0,0.0,0.0,0.0
0x23cfa7410622da4b8609910e1681367a80789c74,5,,0.0,0.0,0.0,0.0,0.0,0.0,0.0
0x06ea2f394088177b22b9b145fc3b05df3c9ef820,5,,0.0,0.0,0.0,0.0,0.0,0.0,0.0
0xb2995331289f900a2c90b89b3d4d3444b396a189,5,,0.0,0.0,0.0,0.0,0.0,0.0,0.0
0xb0f512acea6291a194ba3b738923bd59aa67fd16,5,,0.0,0.0,0.0,0.0,0.0,0.0,0.0
0x105a8501eae3aa9462a47568a2de12e421f75e5e,5,,0.0,0.0,0.0,0.0,0.0,0.0,0.0
0x91930d99d2514f550515417942e651bcf3e3ae11,5,,0.0,0.0,0.0,0.0,0.0,0.0,0.0
0xe3dbad8727c507b54ab3c2be6adacfc22701eb0a,5,,0.0,0.0,0.0,0.0,0.0,0.0,0.0
0x762af1477e3a512e8483d13efedcc81fc8b4184e,5,,0.0,0.0,0.0,0.0,0.0,0.0,0.0
0x05fbf33efdfb7a2a719517b8cfbd0f66f0654e20,5,,0.0,0.0,0.0,0.0,0.0,0.0,0.0
0x3136b77f334504f15ceaff5e77d76e0521113b5a,5,,0.0,0.0,0.0,0.0,0.0,0.0,0.0
0x0f111756a76a0dc43ddd9d6e728856a179f1bdc4,5,,0.0,0.0,0.0,0.0,0.0,0.0,0.0
0xacbeb328b09391e0272c53ae8457fc19de987bcf,5,,0.0,0.0,0.0,0.0,0.0,0.0,0.0
0x0f46d47d65214caf767b002ab88b749a0b691cc4,5,,0.0,0.0,0.0,0.0,0.0,0.0,0.0
0x55eb4c481391ebf8f8b4a126007de13249612360,5,,0.0,0.0,0.0,0.0,0.0,0.0,0.0
0x3c3674642df96e59c5a34b2c47184ac31ddfd2ce,5,,0.0,0.0,0.0,0.0,0.0,0.0,0.0
0x4f10a06f8917673252b0b9b433ec6e5605614275,5,,0.0,0.0,0.0,0.0,0.0,0.0,0.0
0xe579bb6262bf39430829d961bce3433920023826,5,,0.0,0.0,0.0,0.0,0.0,0.0,0.0
0xa56a18d6114f6a9c5d7e0dc92a8b78f2ed1ba2a3,5,,0.0,0.0,0.0,0.0,0.0,0.0,0.0
0x72e5e9f327247c50986bd366db6ad57eb6e89440,5,,0.0,0.0,0.0,0.0,0.0,0.0,0.0
0xa1f6febe6bc6da63363c335d2729761454dd3502,5,,0.0,0.0,0.0,0.0,0.0,0.0,0.0
0xea7d9f51c8b05b01d444a56e254ab6539d465bc0,5,,0.0,0.0,0.0,0.0,0.0,0.0,0.0
0x832991af0999f03e33fbfeaa5401d2516a97a261,5,,0.0,0.0,0.0,0.0,0.0,0.0,0.0
0xadb0b3bc8632375f6457c16f1e1c6d8aaf8ad0f8,5,,0.0,0.0,0.0,0.0,0.0,0.0,0.0
0x8379d4016136110ee01417b10564ee3fb76e8820,5,,0.0,0.0,0.0,0.0,0.0,0.0,0.0
0x2a38106cc79777f3f0848e39ce83ac8d86cc01ff,5,,0.0,0.0,0.0,0.0,0.0,0.0,0.0
0x629392b40011a0b191f906b09e004b0670c2b496,5,,0.0,0.0,0.0,0.0,0.0,0.0,0.0
0xb108bddf63f40e119a00ea2601f987f198879f51,5,,0.0,0.0,0.0,0.0,0.0,0.0,0.0
0xfee8bdf381c47ac9af270c329677b589ab61d2ef,5,,0.0,0.0,0.0,0.0,0.0,0.0,0.0
0xb18e2c41a49dd9260291811581d299dbc1f19d93,5,,0.0,0.0,0.0,0.0,0.0,0.0,0.0
0xcd0e739c96dde3e2ea127cb26e87c2ca5352e702,5,,0.0,0.0,0.0,0.0,0.0,0.0,0.0
0x79c7a3c35d377940b016e6b3d62ab185f70d846e,5,,0.0,0.0,0.0,0.0,0.0,0.0,0.0
0x0aafbc0780bd0781690d160b59a162d6fc76857a,5,1942184.0,0.0,0.0,0.0,0.0,0.0,0.0,0.0
0x8f6481ecdf1b1ed282e492a6e24fb210bc3aac3f,5,,0.0,0.0,0.0,0.0,0.0,0.0,0.0
0xb7e7d0fdeff5473ed6ef8d3a762d096a040dbb18,5,,0.0,0.0,0.0,0.0,0.0,0.0,0.0
0xf9e392218b84d9b3e9c3fcbd9718bd5af0ec86ce,5,,0.0,0.0,0.0,0.0,0.0,0.0,0.0
0x23962c17b1599b6423f8ab964249003da1877b82,5,,0.0,0.0,0.0,0.0,0.0,0.0,0.0
0x9e86b6039ada9056ffb419caffa0ee91456419ea,5,,0.0,0.0,0.0,0.0,0.0,0.0,0.0
0x339ebdc2a73962b5a4ed1912db1dea85095968a8,5,,0.0,0.0,0.0,0.0,0.0,0.0,0.0
0x4f6f24b7dd6544165fd0932f1935e0307ae32343,5,,0.0,0.0,0.0,0.0,0.0,0.0,0.0
0xfd61c753440c73f8d360af876ebfb37cebe61061,5,,0.0,0.0,0.0,0.0,0.0,0.0,0.0
0xbe14c68d128d56dddca726c6a9c856875e393d41,5,,0.0,0.0,0.0,0.0,0.0,0.0,0.0
0xc0c9f0cb2c6707ca0efcac222d94c283b52fc317,5,,0.0,0.0,0.0,0.0,0.0,0.0,0.0
0xa57f53d14e269dbd121c10efd5bdf670a27b7b17,5,,0.0,0.0,0.0,0.0,0.0,0.0,0.0
0x2737996b13937ee552be8f129cf665e9986d1a62,5,,0.0,0.0,0.0,0.0,0.0,0.0,0.0
0x17fe6f5388b626b5386f6f264ed6549a0a292898,5,,0.0,0.0,0.0,0.0,0.0,0.0,0.0
0x492323573d2e272e9828ae6cf873b459116db197,5,,0.0,0.0,0.0,0.0,0.0,0.0,0.0
0x7a9051722e9224d074c20ace04768f43aa52a615,5,1627556.0,0.0,0.0,0.0,0.0,0.0,0.0,0.0
0x29f82d09c2afd12f3c10ee49cd713331f4a7228e,5,,0.0,0.0,0.0,0.0,0.0,0.0,0.0
0x21bcf8f0f67ff3cef2312c7b70dee4100254a17a,5,,0.0,0.0,0.0,0.0,0.0,0.0,0.0
0x34e10cbab4df0582b422d43d5801b4c484c450e7,5,,0.0,0.0,0.0,0.0,0.0,0.0,0.0
0x42651cd0eca787d03e31ca73f0ebb4551f8a0678,5,,0.0,0.0,0.0,0.0,0.0,0.0,0.0
0xb2eee9b36ec8557d9d596b9c2f0d60bbbb2d2811,5,,0.0,0.0,0.0,0.0,0.0,0.0,0.0
0xdd98e0a38f414c49a4eca7280d876fbb14a3a5e4,5,,0.0,0.0,0.0,0.0,0.0,0.0,0.0
0x88ddd4328fe617da7466dbd4748a79afbecd2abf,5,,0.0,0.0,0.0,0.0,0.0,0.0,0.0
0xecd8dbb50c8310a54c0fea653a8716e6038c0631,5,,0.0,0.0,0.0,0.0,0.0,0.0,0.0
0x162f0e8ab41860656e378dc9d174a17750ebb4b0,5,,0.0,0.0,0.0,0.0,0.0,0.0,0.0
0xfc177925a86979fc5edf816fde205a13ae03b754,5,,0.0,0.0,0.0,0.0,0.0,0.0,0.0
0x5c52c8b880e2cc669b4dd8cf41b211a6b373ee47,5,,0.0,0.0,0.0,0.0,0.0,0.0,0.0
0x8dde06de718dd39b43c84bf4f6bf3aa293e632c0,5,,0.0,0.0,0.0,0.0,0.0,0.0,0.0
0x323e55a813aeffa019f5c15718fa12e43bc1ca62,5,2494550.0,0.0,0.0,0.0,0.0,0.0,0.0,0.0
0x64a62b3aba429656a87fec47359ffaf430d341db,5,,0.0,0.0,0.0,0.0,0.0,0.0,0.0
0xa17698caba44e8f21d7f282cf535e08db8ab3c39,5,,0.0,0.0,0.0,0.0,0.0,0.0,0.0
0xb9b25d05f4740cabbf34720202b192fe506078af,5,,0.0,0.0,0.0,0.0,0.0,0.0,0.0
0xaabd87265b9d249de688325226edf2b311f061ee,5,,0.0,0.0,0.0,0.0,0.0,0.0,0.0
0x7c52ab9c7ef7a808ca6f56a573935b138affcdc2,5,,0.0,0.0,0.0,0.0,0.0,0.0,0.0
0x835f601dc39015c5dc9196cd76b81d5ca9a9d1ab,5,,0.0,0.0,0.0,0.0,0.0,0.0,0.0
0xce01d3abd78da4074e4739a8926178fd26d7da25,5,,0.0,0.0,0.0,0.0,0.0,0.0,0.0
0xb1d5e3d21332101f9420a0bfb01ead5c1cd397cd,5,,0.0,0.0,0.0,0.0,0.0,0.0,0.0
0xee1d4f3902d12b2feca0219788d4c18766425c3d,5,,0.0,0.0,0.0,0.0,0.0,0.0,0.0
0x67ba94cd2b6242d4d07fe00ef967a0e3db9c1cd0,5,,0.0,0.0,0.0,0.0,0.0,0.0,0.0
0x1891a120aba3f6d1903444c82666a58cbac49a77,5,,0.0,0.0,0.0,0.0,0.0,0.0,0.0
0x4ebdf0aa06b9f672f1dd87a7978539858801af34,5,,0.0,0.0,0.0,0.0,0.0,0.0,0.0
0x7a5a71a57a2ef9e15e14fb40f7bd7c3ca85f9dbe,5,,0.0,0.0,0.0,0.0,0.0,0.0,0.0
0xbed4a61f4297409b32a2db75917101961926865a,5,,0.0,0.0,0.0,0.0,0.0,0.0,0.0
0x7d09cc5338da7722f3adbcdfc89ca8627cce316a,5,,0.0,0.0,0.0,0.0,0.0,0.0,0.0
0xc694f5ee5eb3cbf20b6866487e1a3c894126e553,5,,0.0,0.0,0.0,0.0,0.0,0.0,0.0
0x8cbbc4a8d60d2a27e2655d88fe211cb4cfc68b83,5,,0.0,0.0,0.0,0.0,0.0,0.0,0.0
0x52a1e703d5d83d57b9297677d1d7983cda6a2533,5,,0.0,0.0,0.0,0.0,0.0,0.0,0.0
0x50c52f51858738944648f635869b4ad613956f50,5,,0.0,0.0,0.0,0.0,0.0,0.0,0.0
0x95f199265be132f08f5c19af817bddbe09dbf835,5,,0.0,0.0,0.0,0.0,0.0,0.0,0.0
0x019837db6cfee81d136ef87e2dddf95af6f58ddc,5,,0.0,0.0,0.0,0.0,0.0,0.0,0.0
0x6d2b1acf19c87902908d608e66e9f542ffac9bfe,5,,0.0,0.0,0.0,0.0,0.0,0.0,0.0
0x4c74f6a6e79e7a8e871480d05fbd14a8ce36957e,5,,0.0,0.0,0.0,0.0,0.0,0.0,0.0
0x5b54f8fd276b395c4f1faf717b3b8b47871ece24,5,,0.0,0.0,0.0,0.0,0.0,0.0,0.0
0x63c8ae3a5b96f08736b4e417ee0fba3b4b5ff8c8,5,,0.0,0.0,0.0,0.0,0.0,0.0,0.0
0x2bf3593ac40132ec71c914a308a5e89219338f44,5,,0.0,0.0,0.0,0.0,0.0,0.0,0.0
0xee9e95efba3ae9268685fb21095ad1324fc12a65,5,,0.0,0.0,0.0,0.0,0.0,0.0,0.0
0xc566bfbf4ffe220cbe0b5a923e3eff0515fa6f34,5,,0.0,0.0,0.0,0.0,0.0,0.0,0.0
0x0cd36a640afc7ad997abb7a052bbb77cee3840f7,5,,0.0,0.0,0.0,0.0,0.0,0.0,0.0
0xec54fd72fb2b60fe50e84338e0e213f5aa9e62cd,5,,0.0,0.0,0.0,0.0,0.0,0.0,0.0
0x9b667ae3e54e6b305e3ce266d129a733c1e37d21,5,,0.0,0.0,0.0,0.0,0.0,0.0,0.0
0xbb967558bdad0c6ed047c1b369e2bf07f1d18cb7,5,2192064.0,0.0,0.0,0.0,0.0,0.0,0.0,0.0
0x01568bce6de6dcaa155be3c72e345ed98dd4f9a4,5,,0.0,0.0,0.0,0.0,0.0,0.0,0.0
0x177433b6fb086bae0b0363a293f1662d921da7c0,5,,0.0,0.0,0.0,0.0,0.0,0.0,0.0
0x67d159c7713c2604ff4b4e11a6862094daab044f,5,,0.0,0.0,0.0,0.0,0.0,0.0,0.0
0xc411304a14cf3c0acbc1a68572c00e4428110fed,5,,0.0,0.0,0.0,0.0,0.0,0.0,0.0
0xab7136fa11bc2d995ddad271256c2fb819e4f323,5,,0.0,0.0,0.0,0.0,0.0,0.0,0.0
0x2b42e7e33d0863f6b53454674323bd18a4eda4ed,5,,0.0,0.0,0.0,0.0,0.0,0.0,0.0
0x26e5b6da7e421dc401fc7f488d5cc7da9d250c67,5,,0.0,0.0,0.0,0.0,0.0,0.0,0.0
0x717f3f8501799e8afea93cbf8406e2bff0603a5c,5,,0.0,0.0,0.0,0.0,0.0,0.0,0.0
0xe867f9ece728fce1bfafd4ff9b27ce731df28f85,5,,0.0,0.0,0.0,0.0,0.0,0.0,0.0
0x4f222eb02b3ff8f2eb04c1c136213da8dbc66513,5,,0.0,0.0,0.0,0.0,0.0,0.0,0.0
0x7a27202eaeb786b76756f1cc42ba491bac7a4f9e,5,,0.0,0.0,0.0,0.0,0.0,0.0,0.0
0x4976abe59b38129af1da1db4ae26408f523b60fb,5,,0.0,0.0,0.0,0.0,0.0,0.0,0.0
0x4cfdca7807ccc42a2e11ba1c904d051dc270f199,5,,0.0,0.0,0.0,0.0,0.0,0.0,0.0
0xd805d25ce56cef2faaaccb692eafb85bc7d08c78,5,,0.0,0.0,0.0,0.0,0.0,0.0,0.0
0x3619242048c3e5e25d45e675faf154226cad0f58,5,,0.0,0.0,0.0,0.0,0.0,0.0,0.0
0x63aadd85922cdf7dad1c0aea37cb103fba6fba6b,5,,0.0,0.0,0.0,0.0,0.0,0.0,0.0
0x0316aeceaf6a1b27ef369ca0297c9fcbaab1d9da,5,,0.0,0.0,0.0,0.0,0.0,0.0,0.0
0xb0924693f634d6e481ea914662cc04b306fbb074,5,,0.0,0.0,0.0,0.0,0.0,0.0,0.0
0xe62d2de8eec99449d85b48ccaf904da16ae1aed3,5,,0.0,0.0,0.0,0.0,0.0,0.0,0.0
0xb233d30d32040d917f6fed4abf19346ab6697b83,5,,0.0,0.0,0.0,0.0,0.0,0.0,0.0
0xe885753c208ab0077eceb8f69318f87f48f45cc6,5,,0.0,0.0,0.0,0.0,0.0,0.0,0.0
0xaf3ddabb7a73c97553e35182d0f12b73f581a893,5,,0.0,0.0,0.0,0.0,0.0,0.0,0.0
0x02d2607ecea4ca314a631998d44257becd136d37,5,,0.0,0.0,0.0,0.0,0.0,0.0,0.0
